"startTime","endTime"
2015-11-01 20:20:16,2015-11-03 23:47:32
2015-11-04 14:04:51,2015-11-04 18:26:08
2015-11-05 11:06:59,2015-11-09 02:44:31
2015-11-09 12:30:09,2015-11-09 19:23:32
2015-11-10 00:04:50,2015-11-15 23:03:06
2015-11-17 11:37:50,2015-11-20 22:35:45
2015-11-21 11:10:51,2015-11-22 22:50:24
2015-11-23 11:50:58,2015-11-23 16:47:57
2015-11-26 08:46:48,2015-11-29 00:05:50
2015-11-29 11:48:50,2015-11-29 14:22:15
2015-11-30 10:11:06,2015-11-30 16:50:17
2015-12-01 13:30:37,2015-12-03 15:14:13
2015-12-03 21:22:30,2015-12-04 18:43:01
2015-12-05 14:13:10,2015-12-05 15:32:16
2015-12-06 13:00:58,2015-12-07 14:26:30
2015-12-09 08:00:09,2015-12-09 13:45:04
2015-12-10 07:22:36,2015-12-11 22:40:24
2015-12-12 12:06:00,2015-12-12 13:11:04
2015-12-12 22:01:28,2015-12-12 22:16:45
2015-12-13 11:05:39,2015-12-13 20:27:05
2015-12-14 12:29:58,2015-12-15 19:47:34
2015-12-16 09:08:49,2015-12-18 06:06:42
2015-12-18 11:49:26,2015-12-19 16:56:38
2015-12-20 13:59:41,2015-12-22 06:57:43
2015-12-22 23:23:35,2015-12-26 19:58:42
2015-12-27 11:56:09,2016-01-01 17:51:07
