-1.514495857,-1.149602188,-1.081380081,0.185335169,0.256802642,-0.480756233,-0.143615011,0.204444444,0.208888889,0.217777778,0,0,0,-1.319,-1.319,-1.31,0.100890334,0.061109469,-0.861556686,-0.709803777,0.969230769,0.86,1.046153846,-0.68,1.08,1.44,0
-1.555063486,-1.172868822,-1.087402704,0.150808034,-0.030701399,-0.486580518,-0.283149886,0.204444444,0.208888889,0.217777778,0,0,0,-1.319,-1.319,-1.31,0.100890334,0.061109469,-0.847354129,-0.692594015,0.969230769,0.86,1.061538462,-0.84,-0.32,-0.76,0
-1.444424497,-1.186164042,-1.09138654,0.099017331,0.080753912,-0.474931947,0.030803582,0.204444444,0.208888889,0.217777778,0,0,0,-1.319,-1.319,-1.31,1.225767053,0.061109469,-0.861556686,-0.709803777,0.969230769,0.86,1.061538462,1.56,-0.32,0.92,0
-1.684142306,-1.129659358,-1.081380081,0.178429742,0.411320232,-0.480756233,-0.143615011,0.204444444,0.208888889,0.217777778,0,0,0,-1.319,-1.319,-1.31,0.100890334,0.061109469,-0.847354129,-0.709803777,0.969230769,0.846153846,1.076923077,0.48,0.24,1.32,0
-1.536623654,-1.149602188,-1.061367163,0.131818109,0.3327949,-0.474931947,-0.004080136,0.204444444,0.208888889,0.217777778,0,0,0,-1.319,-1.319,-1.31,-1.023986385,0.061109469,-0.877337305,-0.709803777,0.969230769,0.846153846,1.076923077,-1,-0.76,-1.08,0
-1.374353137,-1.179516432,-1.061367163,0.152534391,0.527841694,-0.474931947,-0.004080136,0.204444444,0.208888889,0.217777778,0,0,0,-1.319,-1.319,-1.31,0.100890334,0.061109469,-0.877337305,-0.692594015,0.952307692,0.846153846,1.076923077,-0.48,-0.64,2,0
-1.285841946,-1.199459261,-1.069358269,0.199146024,0.008561267,-0.474931947,-0.004080136,0.204444444,0.208888889,0.217777778,0,0,0,-1.319,-1.319,-1.31,-1.023986385,0.061109469,-0.861556686,-0.692594015,0.952307692,0.846153846,1.076923077,1.84,1.16,0.16,0
-1.175202957,-1.129659358,-1.061367163,-0.173747039,-0.14215671,-0.474931947,-0.004080136,0.204444444,0.208888889,0.217777778,0,0,0,-1.319,-1.319,-1.31,-1.023986385,0.061109469,-0.861556686,-0.692594015,0.952307692,0.846153846,1.090769231,-0.84,1.88,0.44,0
-1.319033643,-1.166221212,-1.053352622,-0.334298219,-1.059129951,-0.474931947,-0.004080136,0.204444444,0.208888889,0.217777778,0,0,0,-1.319,-1.319,-1.31,-1.023986385,0.061109469,-0.861556686,-0.709803777,0.936923077,0.846153846,1.090769231,0.96,-0.32,0,0
-1.296905845,-1.186164042,-1.061367163,-0.486217615,-1.636671108,-0.480756233,-0.17849873,0.204444444,0.208888889,0.217777778,0,0,0,-1.319,-1.319,-1.31,0.100890334,0.061109469,-0.861556686,-0.692594015,0.936923077,0.846153846,1.090769231,-0.44,0.32,-1.04,0
-1.337473474,-1.129659358,-1.061367163,-0.731360276,-1.190849864,-0.474931947,-0.004080136,0.204444444,0.208888889,0.217777778,0,0,0,-1.319,-1.319,-1.31,0.100890334,0.061109469,-0.877337305,-0.709803777,0.936923077,0.846153846,1.090769231,1.52,-0.52,2.04,0
-1.35222534,-1.186164042,-1.069358269,-0.836668039,-1.451756615,-0.474931947,-0.004080136,0.204444444,0.208888889,0.217777778,0,0,0,-1.319,-1.319,-1.31,0.100890334,0.061109469,-0.847354129,-0.709803777,0.936923077,0.830769231,1.106153846,1.44,-0.56,1.76,0
-1.400168901,-1.179516432,-1.075380892,-0.741718417,0.41258677,-0.463283375,0.309873332,0.204444444,0.208888889,0.217777778,0,0,0,-1.319,-1.319,-1.31,0.100890334,0.061109469,-0.847354129,-0.709803777,0.936923077,0.830769231,1.106153846,-0.6,0.28,1.48,0
-1.407544834,-1.179516432,-1.077372811,-0.572535453,-0.08896213,-0.469107661,0.135454738,0.204444444,0.208888889,0.217777778,0,0,0,-1.319,-1.319,-1.31,0.100890334,0.061109469,-0.847354129,-0.692594015,0.936923077,0.830769231,1.106153846,-0.08,-0.44,0,0
-1.477616194,-1.186164042,-1.081380081,-0.377457138,0.430318297,-0.474931947,-0.004080136,0.204444444,0.208888889,0.217777778,0,0,0,-1.319,-1.319,-1.31,0.100890334,0.061109469,-0.847354129,-0.692594015,0.923076923,0.815384615,1.106153846,2.08,0.32,0.36,0
-1.625134845,-1.149602188,-1.069358269,-0.265243948,0.413853308,-0.474931947,-0.004080136,0.204444444,0.208888889,0.217777778,0,0,0,-1.319,-1.319,-1.31,-1.023986385,0.061109469,-0.847354129,-0.692594015,0.923076923,0.815384615,1.123076923,-0.88,1.36,-0.44,0
-1.4112328,-1.136306968,-1.061367163,0.023057633,0.992661003,-0.474931947,-0.004080136,0.204444444,0.208888889,0.217777778,0,0,0,-1.319,-1.319,-1.31,0.100890334,0.061109469,-0.847354129,-0.709803777,0.923076923,0.815384615,1.123076923,-0.68,0.76,-0.44,0
-1.455488396,-1.159573602,-1.04533808,0.119733612,-0.076296753,-0.474931947,-0.004080136,0.204444444,0.208888889,0.217777778,0,0,0,-1.319,-1.319,-1.31,-1.023986385,0.061109469,-0.861556686,-0.671559862,0.923076923,0.815384615,1.123076923,-0.72,-0.68,0.04,0
-1.35222534,-1.152925992,-1.053352622,0.066216552,0.560771672,-0.474931947,-0.004080136,0.204444444,0.208888889,0.217777778,0,0,0,-1.319,-1.319,-1.31,1.225767053,0.061109469,-0.877337305,-0.709803777,0.923076923,0.815384615,1.123076923,2.08,0.08,-1.52,0
-1.359601272,-1.136306968,-1.061367163,0.062763839,-0.69690019,-0.474931947,-0.004080136,0.204444444,0.208888889,0.217777778,0,0,0,-1.319,-1.319,-1.31,0.100890334,-1.209521961,-0.877337305,-0.709803777,0.907692308,0.815384615,1.123076923,0.96,0.48,0.52,0
-1.543999587,-1.166221212,-1.053352622,-0.216905958,-0.775425523,-0.474931947,-0.004080136,0.204444444,0.208888889,0.217777778,0,0,0,-1.319,-1.319,-1.31,0.100890334,0.061109469,-0.877337305,-0.709803777,0.907692308,0.815384615,1.123076923,-1.04,-0.16,-0.28,0
-1.256338216,-1.159573602,-1.02731708,-0.358467214,-0.818487802,-0.469107661,0.170338457,0.204444444,0.208888889,0.217777778,0,0,0,-1.319,-1.319,-1.31,0.100890334,0.061109469,-0.877337305,-0.709803777,0.892307692,0.798461538,1.138461538,-0.48,0,2,0
-1.149387193,-1.159573602,-1.023309809,-0.916080451,-3.142584345,-0.480756233,-0.143615011,0.204444444,0.208888889,0.217777778,0,0,0,-1.319,-1.319,-1.31,1.225767053,0.061109469,-0.877337305,-0.709803777,0.892307692,0.798461538,1.138461538,1.8,-0.32,-0.76,0
-1.204706688,-1.172868822,-1.017310621,-1.090442485,0.368257953,-0.474931947,-0.004080136,0.204444444,0.208888889,0.217777778,0,0,0,-1.319,-1.319,-1.31,0.100890334,0.061109469,-0.877337305,-0.709803777,0.892307692,0.798461538,1.138461538,-0.16,0.92,-0.6,0
-1.263714148,-1.129659358,-1.023309809,-0.733086633,-1.085727241,-0.474931947,-0.004080136,0.204444444,0.208888889,0.217777778,0,0,0,-1.319,-1.319,-1.31,0.100890334,0.061109469,-0.877337305,-0.692594015,0.892307692,0.783076923,1.138461538,1.32,1.6,-0.44,0
-1.01293244,-1.159573602,-1.04533808,-0.708917638,0.009827805,-0.474931947,-0.004080136,0.204444444,0.208888889,0.217777778,0,0,0,-1.319,-1.319,-1.31,1.225767053,0.061109469,-0.877337305,-0.709803777,0.875384615,0.783076923,1.138461538,-0.92,-0.6,1.8,0
-1.422296699,-1.129659358,-1.039338892,-0.517292037,-0.12062557,-0.474931947,-0.004080136,0.204444444,0.208888889,0.217777778,0,0,0,-1.319,-1.319,-1.31,0.100890334,0.061109469,-0.877337305,-0.692594015,0.875384615,0.783076923,1.153846154,-0.48,1.72,0.52,0
-1.201018721,-1.136306968,-1.011287998,-0.519018393,-0.955273866,-0.474931947,-0.004080136,0.204444444,0.208888889,0.217777778,0,0,0,-1.319,-1.319,-1.31,0.100890334,0.061109469,-0.877337305,-0.709803777,0.875384615,0.783076923,1.153846154,1.36,0.04,-1.28,0
-0.806406328,-1.179516432,-1.029308998,-0.529376534,0.48731249,-0.474931947,-0.004080136,0.204444444,0.208888889,0.217777778,0,0,0,-1.319,-1.319,-1.31,-1.023986385,0.061109469,-0.877337305,-0.692594015,0.86,0.783076923,1.153846154,-0.72,1.36,-0.68,0
-1.057188036,-1.149602188,-1.043346162,-0.299771083,1.553737171,-0.474931947,-0.004080136,0.204444444,0.208888889,0.217777778,0,0,0,-1.319,-1.319,-1.31,-1.023986385,0.061109469,-0.861556686,-0.709803777,0.86,0.769230769,1.153846154,-0.56,1.44,0.12,0
-1.437048564,-1.172868822,-1.04533808,-0.222085029,-0.315672365,-0.474931947,-0.004080136,0.204444444,0.208888889,0.217777778,0,0,0,-1.319,-1.319,-1.31,-1.023986385,0.061109469,-0.847354129,-0.671559862,0.86,0.769230769,1.153846154,-0.68,0.6,-0.76,0
-1.392792969,-1.186164042,-1.043346162,-0.430974198,-1.050264188,-0.474931947,-0.004080136,0.204444444,0.208888889,0.217777778,0,0,0,-1.319,-1.319,-1.31,-1.023986385,-1.209521961,-0.861556686,-0.692594015,0.86,0.769230769,1.153846154,2,-0.52,-1,0
-1.293217879,-1.149602188,-1.021317891,-0.551819172,-0.22194858,-0.474931947,-0.004080136,0.204444444,0.208888889,0.217777778,0,0,0,-1.319,-1.319,-1.31,0.100890334,0.061109469,-0.877337305,-0.692594015,0.846153846,0.769230769,1.153846154,-0.56,-0.36,0.64,0
-1.341161441,-1.172868822,-1.021317891,-0.401626133,0.170678084,-0.469107661,0.135454738,0.204444444,0.208888889,0.217777778,0,0,0,-1.319,-1.319,-1.31,0.100890334,0.061109469,-0.847354129,-0.692594015,0.846153846,0.769230769,1.153846154,-0.56,-0.24,0.24,0
-1.319033643,-1.186164042,-1.039338892,-0.653674221,-1.184517176,-0.474931947,-0.004080136,0.204444444,0.208888889,0.217777778,0,0,0,-1.319,-1.319,-1.31,-1.023986385,0.061109469,-0.861556686,-0.709803777,0.846153846,0.769230769,1.153846154,-0.6,-0.56,0.8,0
-1.385417036,-1.149602188,-1.05534454,-0.757255628,-0.800756275,-0.474931947,-0.004080136,0.204444444,0.208888889,0.217777778,0,0,0,-1.319,-1.319,-1.31,0.100890334,0.061109469,-0.847354129,-0.692594015,0.846153846,0.753846154,1.153846154,0.6,0.4,2.08,0
-1.628822812,-1.172868822,-1.047329999,-0.872921531,-1.24657752,-0.474931947,-0.004080136,0.204444444,0.208888889,0.217777778,0,0,0,-1.319,-1.319,-1.31,0.100890334,-1.209521961,-0.847354129,-0.692594015,0.846153846,0.753846154,1.153846154,-0.8,-1.04,-1.16,0
-1.256338216,-1.152925992,-1.04133081,-1.104253339,-1.161719499,-0.474931947,-0.004080136,0.204444444,0.208888889,0.217777778,0,0,0,-1.319,-1.319,-1.31,0.100890334,0.061109469,-0.847354129,-0.709803777,0.846153846,0.753846154,1.153846154,-0.84,1.36,0.08,0
-1.178890924,-1.166221212,-1.035331621,-1.326953362,-1.570811152,-0.474931947,-0.004080136,0.204444444,0.208888889,0.217777778,0,0,0,-1.319,-1.319,-1.31,0.100890334,0.061109469,-0.861556686,-0.692594015,0.846153846,0.753846154,1.153846154,1.8,-0.72,1.44,0
-1.226834485,-1.159573602,-1.047329999,-1.047283565,1.005326379,-0.474931947,-0.004080136,0.204444444,0.208888889,0.217777778,0,0,0,-1.319,-1.319,-1.31,-1.023986385,0.061109469,-0.861556686,-0.709803777,0.830769231,0.738461538,1.153846154,1,-0.68,-0.68,0
-1.064563968,-1.159573602,-1.031324351,-0.879826959,-0.612042169,-0.474931947,-0.004080136,0.204444444,0.208888889,0.217777778,0,0,0,-1.319,-1.319,-1.31,0.100890334,0.061109469,-0.877337305,-0.692594015,0.830769231,0.738461538,1.153846154,2.04,0,2.2,0
-1.226834485,-1.149602188,-1.05534454,-0.593251734,0.660828145,-0.474931947,-0.004080136,0.204444444,0.208888889,0.217777778,0,0,0,-1.319,-1.319,-1.31,-1.023986385,1.3317409,-0.877337305,-0.709803777,0.815384615,0.738461538,1.153846154,0.52,1.84,-0.08,0
-1.149387193,-1.149602188,-1.017310621,-0.36019357,1.01545868,-0.469107661,0.170338457,0.204444444,0.208888889,0.217777778,0,0,0,-1.319,-1.319,-1.31,0.100890334,1.3317409,-0.847354129,-0.709803777,0.815384615,0.738461538,1.153846154,-1,0.6,-1.04,0
-0.810094294,-1.179516432,-1.029308998,-0.258338521,1.110449002,-0.474931947,-0.004080136,0.204444444,0.208888889,0.217777778,0,0,0,-1.319,-1.319,-1.31,-1.023986385,0.061109469,-0.847354129,-0.709803777,0.815384615,0.738461538,1.153846154,-0.76,0.68,-0.84,0
-1.134635328,-1.172868822,-1.04533808,0.126639039,0.91920182,-0.474931947,-0.004080136,0.204444444,0.208888889,0.217777778,0,0,0,-1.319,-1.319,-1.31,0.100890334,0.061109469,-0.847354129,-0.709803777,0.815384615,0.738461538,1.153846154,-0.64,-0.6,1.6,0
-1.167827025,-1.199459261,-1.087402704,0.325170068,0.630431242,-0.474931947,-0.004080136,0.204444444,0.208888889,0.217777778,0,0,0,-1.319,-1.319,-1.31,-1.023986385,-1.209521961,-0.847354129,-0.709803777,0.815384615,0.738461538,1.153846154,-0.4,-0.76,-0.68,0
-1.514495857,-1.166221212,-1.089394622,0.212956878,-0.219415505,-0.474931947,-0.004080136,0.204444444,0.208888889,0.217777778,0,0,0,-1.319,-1.319,-1.31,-1.023986385,0.061109469,-0.847354129,-0.709803777,0.815384615,0.721538462,1.153846154,-0.4,2.44,0.64,0
-1.038748204,-1.152925992,-1.04533808,-0.001111362,-1.160452961,-0.474931947,-0.004080136,0.204444444,0.208888889,0.217777778,0,0,0,-1.319,-1.319,-1.31,-1.023986385,0.061109469,-0.877337305,-0.73083793,0.798461538,0.721538462,1.153846154,-0.44,1.12,0.28,0
-1.094067699,-1.179516432,-1.057359892,-0.434426912,-1.080661091,-0.474931947,-0.004080136,0.204444444,0.208888889,0.217777778,0,0,0,-1.319,-1.319,-1.31,-1.023986385,0.061109469,-0.877337305,-0.709803777,0.798461538,0.721538462,1.153846154,-0.56,0.32,0.4,0
-1.171514991,-1.172868822,-1.087402704,-0.708917638,-0.652571373,-0.486580518,-0.318033604,0.204444444,0.208888889,0.217777778,0,0,0,-1.319,-1.319,-1.31,2.350643772,0.061109469,-0.861556686,-0.709803777,0.783076923,0.706153846,1.153846154,-0.36,0.84,-0.68,0
-1.348537373,-1.166221212,-1.07336554,-0.741718417,-1.250377132,-0.474931947,-0.004080136,0.204444444,0.208888889,0.217777778,0,0,0,-1.319,-1.319,-1.31,-1.023986385,0.061109469,-0.861556686,-0.709803777,0.783076923,0.706153846,1.153846154,-0.6,1.12,-0.88,0
-1.197330755,-1.172868822,-1.069358269,-0.845299823,0.147880406,-0.474931947,-0.004080136,0.204444444,0.208888889,0.217777778,0,0,0,-1.319,-1.319,-1.319,-1.023986385,0.061109469,-0.877337305,-0.73083793,0.783076923,0.706153846,1.153846154,1.76,1.12,-0.04,0
-1.267402115,-1.136306968,-1.063359081,-1.050736279,-3.184380087,-0.474931947,-0.004080136,0.204444444,0.208888889,0.217777778,0,0,0,-1.319,-1.319,-1.31,1.225767053,0.061109469,-0.861556686,-0.73083793,0.783076923,0.706153846,1.138461538,1.76,1.2,1.68,0
-1.529247722,-1.186164042,-1.103712998,-1.572096024,-3.167915098,-0.474931947,-0.004080136,0.204444444,0.208888889,0.217777778,0,0,0,-1.319,-1.319,-1.31,0.100890334,0.061109469,-0.877337305,-0.73083793,0.769230769,0.706153846,1.138461538,1.84,2.24,0.56,0
-1.713646037,-1.179516432,-1.103712998,-2.181499964,-3.483282966,-0.463283375,0.34475705,0.204444444,0.208888889,0.217777778,0,0,0,-1.319,-1.319,-1.31,0.100890334,0.061109469,-0.877337305,-0.709803777,0.769230769,0.706153846,1.138461538,0.28,0.68,-0.72,0
-1.743149767,-1.152925992,-1.105423705,-2.373125566,-1.650603022,-0.474931947,-0.004080136,0.204444444,0.208888889,0.217777778,0,0,0,-1.319,-1.319,-1.31,-1.023986385,0.061109469,-0.877337305,-0.73083793,0.769230769,0.706153846,1.138461538,1.88,-0.56,2.2,0
-1.525559755,-1.159573602,-1.083395434,-2.248827878,-0.508186084,-0.474931947,-0.004080136,0.204444444,0.208888889,0.217777778,0,0,0,-1.319,-1.319,-1.31,-1.023986385,0.061109469,-0.861556686,-0.73083793,0.769230769,0.692307692,1.123076923,0.56,-0.48,1.2,0
-1.507119924,-1.186164042,-1.085387352,-2.146972829,-0.826087028,-0.480756233,-0.143615011,0.204444444,0.208888889,0.217777778,0,0,0,-1.319,-1.319,-1.31,-1.023986385,0.061109469,-0.877337305,-0.709803777,0.769230769,0.692307692,1.138461538,-0.68,-0.84,0.32,0
-1.757901632,-1.172868822,-1.105704917,-2.298892225,-2.10529003,-0.469107661,0.170338457,0.204444444,0.208888889,0.217777778,0,0,0,-1.319,-1.319,-1.31,-1.023986385,0.061109469,-0.877337305,-0.73083793,0.769230769,0.692307692,1.123076923,-0.96,0.28,0.52,0
-1.78002943,-1.179516432,-1.103408352,-1.963979011,-0.747561695,-0.474931947,-0.004080136,0.204444444,0.208888889,0.217777778,0,0,0,-1.319,-1.319,-1.31,0.100890334,0.061109469,-0.847354129,-0.709803777,0.769230769,0.692307692,1.123076923,-0.44,0.68,-0.32,0
-1.754213666,-1.129659358,-1.097409163,-1.623886727,0.821678423,-0.474931947,-0.004080136,0.204444444,0.208888889,0.217777778,0,0,0,-1.319,-1.319,-1.31,1.225767053,0.061109469,-0.861556686,-0.73083793,0.753846154,0.692307692,1.123076923,-0.44,0.24,-0.08,0
-1.695206205,-1.159573602,-1.101697646,-1.069726203,1.156044356,-0.474931947,-0.004080136,0.204444444,0.208888889,0.217777778,0,0,0,-1.319,-1.319,-1.31,0.100890334,0.061109469,-0.877337305,-0.73083793,0.753846154,0.676923077,1.123076923,-0.48,0.4,-0.16,0
-1.647262643,-1.172868822,-1.103408352,-0.814225401,0.046557396,-0.474931947,-0.004080136,0.204444444,0.208888889,0.217777778,0,0,0,-1.319,-1.319,-1.31,-1.023986385,0.061109469,-0.877337305,-0.73083793,0.753846154,0.676923077,1.123076923,-0.52,0.44,0.28,0
-1.492368059,-1.129659358,-1.09138654,-0.710643995,-0.951474253,-0.474931947,-0.004080136,0.204444444,0.208888889,0.217777778,0,0,0,-1.33,-1.319,-1.319,-1.023986385,0.061109469,-0.877337305,-0.73083793,0.738461538,0.676923077,1.123076923,-0.84,0.4,0.36,0
-1.503431958,-1.159573602,-1.087402704,-0.758981985,-0.107960194,-0.474931947,-0.004080136,0.204444444,0.208888889,0.217777778,0,0,0,-1.319,-1.319,-1.31,-1.023986385,0.061109469,-0.877337305,-0.749959888,0.738461538,0.676923077,1.123076923,-0.32,0.4,-0.52,0
-1.617758913,-1.166221212,-1.087402704,-0.662306005,0.102285052,-0.474931947,-0.004080136,0.204444444,0.208888889,0.217777778,0,0,0,-1.319,-1.319,-1.31,-1.023986385,0.061109469,-0.877337305,-0.73083793,0.738461538,0.661538462,1.123076923,-0.28,0.44,0.08,0
-1.462864328,-1.136306968,-1.097409163,-0.69165407,-1.202248703,-0.474931947,-0.004080136,0.204444444,0.208888889,0.217777778,0,0,0,-1.319,-1.319,-1.31,-1.023986385,0.061109469,-0.877337305,-0.749959888,0.738461538,0.661538462,1.123076923,-0.44,0.48,-0.68,0
-1.18257889,-1.152925992,-1.093401893,-0.795235477,-0.928676576,-0.474931947,-0.004080136,0.204444444,0.208888889,0.217777778,0,0,0,-1.33,-1.319,-1.319,-1.023986385,-1.209521961,-0.877337305,-0.749959888,0.738461538,0.661538462,1.106153846,-0.48,-1.16,-0.72,0
-1.271090081,-1.179516432,-1.103408352,-0.698559498,1.245968528,-0.474931947,-0.004080136,0.204444444,0.208888889,0.217777778,0,0,0,-1.33,-1.319,-1.319,2.350643772,0.061109469,-0.861556686,-0.749959888,0.738461538,0.661538462,1.106153846,-0.4,0.4,0,0
-1.389105002,-1.116364138,-1.09138654,-0.339477289,0.792548058,-0.474931947,-0.004080136,0.204444444,0.208888889,0.217777778,0,0,0,-1.319,-1.319,-1.31,1.225767053,0.061109469,-0.847354129,-0.73083793,0.721538462,0.661538462,1.106153846,-0.44,0,1.16,0
-1.555063486,-1.186164042,-1.09138654,-0.199642391,0.421452533,-0.480756233,-0.143615011,0.204444444,0.208888889,0.217777778,0,0,0,-1.319,-1.319,-1.31,0.100890334,0.061109469,-0.861556686,-0.749959888,0.721538462,0.661538462,1.106153846,-0.48,0,1.84,0
-1.422296699,-1.166221212,-1.069358269,0.057584768,1.019258293,-0.474931947,-0.004080136,0.204444444,0.208888889,0.217777778,0,0,0,-1.319,-1.319,-1.319,0.100890334,0.061109469,-0.861556686,-0.749959888,0.721538462,0.661538462,1.106153846,-0.48,0.76,-0.08,0
-1.145699227,-1.186164042,-1.069358269,0.076574693,-0.715898254,-0.474931947,-0.004080136,0.204444444,0.208888889,0.217777778,0,0,0,-1.319,-1.319,-1.31,-1.023986385,0.061109469,-0.861556686,-0.749959888,0.706153846,0.644615385,1.106153846,-1.04,0.76,0.72,0
-1.215770587,-1.179516432,-1.089394622,0.097290974,0.413853308,-0.480756233,-0.143615011,0.204444444,0.208888889,0.217777778,0,0,0,-1.33,-1.319,-1.319,0.100890334,0.061109469,-0.877337305,-0.749959888,0.706153846,0.644615385,1.090769231,-0.88,2.04,2.24,0
-1.418608733,-1.179516432,-1.097690375,0.237125873,0.556972059,-0.474931947,-0.004080136,0.204444444,0.208888889,0.217777778,0,0,0,-1.319,-1.319,-1.31,-1.023986385,0.061109469,-0.861556686,-0.749959888,0.706153846,0.644615385,1.090769231,-0.92,1.36,-0.6,0
-1.573503317,-1.166221212,-1.103712998,0.528880167,1.653793643,-0.474931947,-0.004080136,0.204444444,0.208888889,0.217777778,0,0,0,-1.33,-1.319,-1.31,0.100890334,0.061109469,-0.847354129,-0.749959888,0.706153846,0.644615385,1.090769231,-0.92,-0.56,-0.52,0
-1.518183823,-1.149602188,-1.085387352,0.934574008,2.200937897,-0.474931947,-0.004080136,0.204444444,0.208888889,0.217777778,0,0,0,-1.319,-1.319,-1.31,-1.023986385,0.061109469,-0.847354129,-0.76716965,0.706153846,0.629230769,1.090769231,-0.8,-0.64,-0.52,0
-1.51080789,-1.179516432,-1.089394622,1.35580506,1.705721686,-0.474931947,-0.004080136,0.204444444,0.208888889,0.217777778,0,0,0,-1.33,-1.319,-1.31,-1.023986385,0.061109469,-0.847354129,-0.76716965,0.706153846,0.629230769,1.090769231,0.44,-0.64,-0.52,0
-1.455488396,-1.159573602,-1.09138654,1.309193428,0.56710436,-0.474931947,-0.004080136,0.204444444,0.208888889,0.217777778,0,0,0,-1.33,-1.319,-1.319,-1.023986385,0.061109469,-0.847354129,-0.76716965,0.692307692,0.629230769,1.090769231,0.48,-0.12,0.32,0
-1.374353137,-1.159573602,-1.097409163,1.229781016,1.397953043,-0.474931947,-0.004080136,0.204444444,0.208888889,0.217777778,0,0,0,-1.33,-1.319,-1.319,-1.023986385,0.061109469,-0.847354129,-0.76716965,0.692307692,0.629230769,1.090769231,0.48,0.6,0.48,0
-1.569815351,-1.166221212,-1.089394622,0.950111219,-1.223779842,-0.474931947,-0.004080136,0.204444444,0.208888889,0.217777778,0,0,0,-1.33,-1.319,-1.31,-1.023986385,0.061109469,-0.861556686,-0.749959888,0.692307692,0.629230769,1.090769231,-0.12,-0.52,-0.56,0
-1.816909093,-1.129659358,-1.083395434,0.75158019,-0.701966341,-0.480756233,-0.17849873,0.204444444,0.208888889,0.217777778,0,0,0,-1.319,-1.319,-1.319,1.225767053,0.061109469,-0.861556686,-0.749959888,0.692307692,0.629230769,1.076923077,-0.72,-0.76,1.16,0
-1.70995807,-1.172868822,-1.085387352,0.534059237,0.128882342,-0.474931947,-0.004080136,0.204444444,0.208888889,0.217777778,0,0,0,-1.319,-1.319,-1.319,-1.023986385,0.061109469,-0.861556686,-0.76716965,0.692307692,0.615384615,1.076923077,1.8,1.8,-0.2,0
-1.706270104,-1.172868822,-1.083395434,0.79473911,2.574566497,-0.474931947,-0.004080136,0.204444444,0.208888889,0.217777778,0,0,0,-1.319,-1.319,-1.319,1.225767053,0.061109469,-0.861556686,-0.76716965,0.692307692,0.615384615,1.076923077,2.2,1.92,0.96,0
-1.48130416,-1.166221212,-1.075380892,1.162453102,1.695589385,-0.474931947,-0.004080136,0.204444444,0.208888889,0.217777778,0,0,0,-1.319,-1.319,-1.319,0.100890334,0.061109469,-0.861556686,-0.76716965,0.676923077,0.615384615,1.076923077,-0.64,-0.8,2.16,0
-1.477616194,-1.166221212,-1.07336554,1.421406618,2.3491228,-0.480756233,-0.108731292,0.204444444,0.208888889,0.217777778,0,0,0,-1.33,-1.319,-1.319,-1.023986385,-1.209521961,-0.847354129,-0.76716965,0.676923077,0.615384615,1.076923077,0.88,2.08,0.6,0
-1.521871789,-1.179516432,-1.09138654,1.62856943,0.960997562,-0.486580518,-0.283149886,0.204444444,0.208888889,0.217777778,0,0,0,-1.319,-1.319,-1.319,-1.023986385,0.061109469,-0.861556686,-0.749959888,0.676923077,0.615384615,1.076923077,0.56,2.36,0.44,0
-1.296905845,-1.136306968,-1.097409163,1.84781674,2.393451617,-0.474931947,-0.004080136,0.204444444,0.208888889,0.217777778,0,0,0,-1.33,-1.319,-1.319,-1.023986385,0.061109469,-0.847354129,-0.76716965,0.661538462,0.615384615,1.076923077,-0.96,-0.52,0,0
-1.333785508,-1.152925992,-1.071373622,1.764951615,0.530374769,-0.474931947,-0.004080136,0.204444444,0.208888889,0.217777778,0,0,0,-1.319,-1.319,-1.319,1.225767053,0.061109469,-0.847354129,-0.749959888,0.661538462,0.615384615,1.061538462,0.84,1.16,1.88,0
-1.330097542,-1.159573602,-1.07336554,1.585410511,0.51390978,-0.474931947,-0.004080136,0.204444444,0.208888889,0.217777778,0,0,0,-1.33,-1.319,-1.31,1.225767053,1.3317409,-0.847354129,-0.76716965,0.661538462,0.6,1.061538462,-1.2,0.36,-1.48,0
-1.429672632,-1.172868822,-1.07336554,1.469744607,-0.105427119,-0.474931947,-0.004080136,0.204444444,0.208888889,0.217777778,0,0,0,-1.33,-1.319,-1.319,1.225767053,0.061109469,-0.847354129,-0.76716965,0.661538462,0.6,1.061538462,2.08,0.32,2.24,0
-1.470240261,-1.179516432,-1.077372811,0.891415089,-1.867180956,-0.474931947,-0.004080136,0.204444444,0.208888889,0.217777778,0,0,0,-1.33,-1.319,-1.31,0.100890334,0.061109469,-0.847354129,-0.76716965,0.661538462,0.6,1.046153846,0.52,1.4,0.4,0
-1.201018721,-1.166221212,-1.075380892,0.466731323,0.841943025,-0.474931947,-0.004080136,0.204444444,0.208888889,0.217777778,0,0,0,-1.33,-1.319,-1.319,0.100890334,-1.209521961,-0.847354129,-0.76716965,0.661538462,0.6,1.046153846,-0.88,0,-0.4,0
-1.28215398,-1.172868822,-1.07336554,0.767117401,1.390353817,-0.474931947,-0.004080136,0.204444444,0.208888889,0.217777778,0,0,0,-1.33,-1.319,-1.319,-1.023986385,-1.209521961,-0.847354129,-0.76716965,0.644615385,0.583076923,1.046153846,-0.72,0.32,2.08,0
-1.134635328,-1.129659358,-1.057359892,0.837898029,1.571468697,-0.474931947,-0.004080136,0.204444444,0.208888889,0.217777778,0,0,0,-1.33,-1.319,-1.319,0.100890334,-1.209521961,-0.847354129,-0.76716965,0.644615385,0.583076923,1.046153846,-0.8,1.16,0,0
-1.097755665,-1.172868822,-1.071373622,0.998449209,0.345460276,-0.474931947,-0.004080136,0.204444444,0.208888889,0.217777778,0,0,0,-1.33,-1.319,-1.319,-1.023986385,-1.209521961,-0.847354129,-0.749959888,0.644615385,0.583076923,1.046153846,-0.88,1.32,0.16,0
-1.175202957,-1.179516432,-1.067366351,0.725684839,-0.389131547,-0.474931947,-0.004080136,0.204444444,0.208888889,0.217777778,0,0,0,-1.33,-1.319,-1.319,0.100890334,0.061109469,-0.847354129,-0.76716965,0.629230769,0.583076923,1.046153846,1.72,0.84,-0.24,0
-1.116195497,-1.172868822,-1.05534454,0.518522026,0.251736492,-0.480756233,-0.143615011,0.204444444,0.208888889,0.217777778,0,0,0,-1.33,-1.319,-1.319,-1.023986385,0.061109469,-0.847354129,-0.76716965,0.629230769,0.583076923,1.046153846,-0.48,1,-0.68,0
-1.230522452,-1.166221212,-1.053352622,0.824087175,1.893169254,-0.474931947,-0.004080136,0.204444444,0.208888889,0.217777778,0,0,0,-1.33,-1.319,-1.319,0.100890334,0.061109469,-0.861556686,-0.76716965,0.629230769,0.583076923,1.046153846,0.48,1.4,0.36,0
-1.15307516,-1.159573602,-1.05534454,0.855161597,1.498009515,-0.474931947,-0.004080136,0.204444444,0.208888889,0.217777778,0,0,0,-1.33,-1.319,-1.319,0.100890334,0.061109469,-0.847354129,-0.749959888,0.629230769,0.583076923,1.029230769,-0.92,-0.6,0.04,0
-1.263714148,-1.166221212,-1.05534454,1.333362422,2.221202499,-0.474931947,-0.004080136,0.204444444,0.208888889,0.217777778,0,0,0,-1.33,-1.319,-1.319,0.100890334,0.061109469,-0.861556686,-0.76716965,0.629230769,0.583076923,1.029230769,0.28,1.96,-1,0
-1.0830038,-1.129659358,-1.037323539,1.657917495,2.276930155,-0.469107661,0.135454738,0.204444444,0.208888889,0.217777778,0,0,0,-1.33,-1.319,-1.319,0.100890334,0.061109469,-0.847354129,-0.749959888,0.629230769,0.583076923,1.029230769,-0.84,1.4,-1.4,0
-0.95392498,-1.172868822,-1.04133081,1.749414404,1.029390594,-0.474931947,-0.004080136,0.204444444,0.208888889,0.217777778,0,0,0,-1.33,-1.319,-1.319,0.100890334,-1.209521961,-0.83157351,-0.76716965,0.615384615,0.583076923,1.013846154,1.76,0.32,1.96,0
-0.964988878,-1.159573602,-1.039338892,1.424859331,0.463248275,-0.474931947,-0.004080136,0.204444444,0.208888889,0.217777778,0,0,0,-1.33,-1.33,-1.319,0.100890334,0.061109469,-0.83157351,-0.76716965,0.615384615,0.583076923,1.013846154,2.2,1.16,2.2,0
-1.027684305,-1.179516432,-1.053352622,1.447301969,1.687990159,-0.474931947,-0.004080136,0.204444444,0.208888889,0.217777778,0,0,0,-1.33,-1.319,-1.319,-1.023986385,0.061109469,-0.847354129,-0.76716965,0.615384615,0.583076923,1.013846154,-0.64,2.36,1.04,0
-1.075627867,-1.172868822,-1.05534454,1.67172835,2.092015662,-0.474931947,-0.004080136,0.204444444,0.208888889,0.217777778,0,0,0,-1.33,-1.319,-1.319,0.100890334,0.061109469,-0.83157351,-0.76716965,0.615384615,0.583076923,1.013846154,1.12,-0.64,0.72,0
-0.872789721,-1.172868822,-1.04133081,2.035989628,2.118612952,-0.474931947,-0.004080136,0.204444444,0.208888889,0.217777778,0,0,0,-1.33,-1.319,-1.319,0.100890334,0.061109469,-0.83157351,-0.749959888,0.615384615,0.583076923,1.013846154,0.6,2.16,2,0
-1.138323294,-1.159573602,-1.037323539,1.873712092,0.435384447,-0.474931947,-0.004080136,0.204444444,0.208888889,0.217777778,0,0,0,-1.33,-1.319,-1.319,0.100890334,0.061109469,-0.847354129,-0.749959888,0.615384615,0.583076923,1,-0.72,1.48,0.64,0
-1.193642789,-1.159573602,-1.05534454,1.84781674,1.109182464,-0.474931947,-0.004080136,0.204444444,0.208888889,0.217777778,0,0,0,-1.33,-1.319,-1.319,-1.023986385,-1.209521961,-0.847354129,-0.76716965,0.615384615,0.583076923,1,1.8,-0.52,2,0
-1.18257889,-1.172868822,-1.053352622,1.547430662,-0.796956662,-0.474931947,-0.004080136,0.204444444,0.208888889,0.217777778,0,0,0,-1.33,-1.33,-1.319,0.100890334,0.061109469,-0.847354129,-0.76716965,0.6,0.583076923,1,-0.84,-0.84,-1,0
-1.086691766,-1.136306968,-1.037323539,1.19007481,-0.381532321,-0.474931947,-0.004080136,0.204444444,0.208888889,0.217777778,0,0,0,-1.33,-1.319,-1.319,1.225767053,0.061109469,-0.847354129,-0.76716965,0.6,0.583076923,1,0.4,-1.56,-0.68,0
-0.758462766,-1.152925992,-1.023309809,1.191801167,1.701922073,-0.474931947,-0.004080136,0.204444444,0.208888889,0.217777778,0,0,0,-1.33,-1.319,-1.319,0.100890334,0.061109469,-0.847354129,-0.76716965,0.583076923,0.583076923,1,-0.76,1.48,-0.8,0
-0.909669384,-1.172868822,-1.025325162,1.312646141,0.991394465,-0.469107661,0.170338457,0.204444444,0.208888889,0.217777778,0,0,0,-1.33,-1.319,-1.319,0.100890334,0.061109469,-0.847354129,-0.749959888,0.583076923,0.583076923,1,-0.84,0.76,-0.76,0
-1.156763126,-1.152925992,-1.031324351,1.267760865,1.454947236,-0.474931947,-0.004080136,0.204444444,0.208888889,0.217777778,0,0,0,-1.33,-1.319,-1.319,-1.023986385,0.061109469,-0.847354129,-0.749959888,0.583076923,0.583076923,1,1.68,-0.4,1.96,0
-1.049812103,-1.172868822,-1.051337269,1.274666292,2.687288346,-0.474931947,-0.004080136,0.204444444,0.208888889,0.217777778,0,0,0,-1.33,-1.319,-1.319,-1.023986385,0.061109469,-0.847354129,-0.76716965,0.583076923,0.583076923,0.984615385,1.8,-0.64,2.08,0
-1.156763126,-1.152925992,-1.067366351,1.568146943,2.336457423,-0.474931947,-0.004080136,0.204444444,0.208888889,0.217777778,0,0,0,-1.33,-1.319,-1.319,0.100890334,0.061109469,-0.847354129,-0.76716965,0.583076923,0.583076923,0.984615385,-0.52,-0.6,0.32,0
-1.086691766,-1.179516432,-1.05534454,1.947945433,1.481544526,-0.474931947,-0.004080136,0.204444444,0.208888889,0.217777778,0,0,0,-1.33,-1.319,-1.319,0.100890334,0.061109469,-0.847354129,-0.749959888,0.583076923,0.6,0.984615385,-0.56,-0.56,0.16,0
-1.237898384,-1.172868822,-1.061367163,1.825374102,1.320694248,-0.469107661,0.135454738,0.204444444,0.208888889,0.217777778,0,0,0,-1.33,-1.319,-1.319,-1.023986385,0.061109469,-0.847354129,-0.73083793,0.583076923,0.6,0.969230769,-0.56,-0.56,1.64,0
-1.289529912,-1.166221212,-1.057359892,2.110222969,2.660691056,-0.474931947,-0.004080136,0.204444444,0.208888889,0.217777778,0,0,0,-1.33,-1.33,-1.319,-1.023986385,0.061109469,-0.847354129,-0.749959888,0.569230769,0.6,0.969230769,0.48,-0.6,0.12,0
-1.223146519,-1.152925992,-1.05534454,2.05670591,0.873606466,-0.474931947,-0.004080136,0.204444444,0.208888889,0.217777778,0,0,0,-1.33,-1.319,-1.319,0.100890334,-1.209521961,-0.847354129,-0.73083793,0.569230769,0.615384615,0.969230769,-0.36,-0.6,-1.4,0
-1.123571429,-1.172868822,-1.047329999,2.272500506,2.869669764,-0.474931947,-0.004080136,0.204444444,0.208888889,0.217777778,0,0,0,-1.33,-1.319,-1.319,0.100890334,0.061109469,-0.847354129,-0.73083793,0.569230769,0.615384615,0.969230769,0.24,1.36,0.72,0
-1.090379732,-1.123011748,-1.04133081,2.143023748,1.429616483,-0.474931947,-0.004080136,0.204444444,0.208888889,0.217777778,0,0,0,-1.33,-1.319,-1.319,-1.023986385,0.061109469,-0.847354129,-0.73083793,0.569230769,0.615384615,0.969230769,-0.04,0.84,-0.12,0
-0.957612946,-1.172868822,-1.02731708,2.105043899,0.783682294,-0.474931947,-0.004080136,0.204444444,0.208888889,0.217777778,0,0,0,-1.33,-1.33,-1.319,0.100890334,0.061109469,-0.847354129,-0.73083793,0.552307692,0.615384615,0.969230769,-0.44,-0.44,-0.96,0
-1.068251935,-1.179516432,-1.04133081,1.777036113,-0.272610085,-0.474931947,-0.004080136,0.204444444,0.208888889,0.217777778,0,0,0,-1.33,-1.319,-1.319,0.100890334,1.3317409,-0.861556686,-0.709803777,0.569230769,0.629230769,0.952307692,-0.44,-0.36,2,0
-1.108819564,-1.123011748,-1.037323539,1.260855438,-1.654402635,-0.474931947,-0.004080136,0.204444444,0.208888889,0.217777778,0,0,0,-1.33,-1.33,-1.319,0.100890334,0.061109469,-0.861556686,-0.73083793,0.552307692,0.629230769,0.952307692,1.28,-0.72,0.84,0
-1.031372272,-1.172868822,-1.035331621,0.744674763,-1.496085432,-0.463283375,0.309873332,0.204444444,0.208888889,0.217777778,0,0,0,-1.33,-1.319,-1.319,0.100890334,0.061109469,-0.861556686,-0.709803777,0.569230769,0.629230769,0.936923077,-0.44,0.16,1.08,0
-0.88385362,-1.172868822,-1.04533808,0.717053055,2.132544866,-0.474931947,-0.004080136,0.204444444,0.208888889,0.217777778,0,0,0,-1.33,-1.33,-1.319,-1.023986385,-1.209521961,-0.847354129,-0.73083793,0.569230769,0.629230769,0.936923077,-0.68,0.52,0.04,0
-0.942861081,-1.159573602,-1.051337269,0.943205792,1.074985948,-0.474931947,-0.004080136,0.204444444,0.208888889,0.217777778,0,0,0,-1.33,-1.33,-1.319,-1.023986385,0.061109469,-0.847354129,-0.73083793,0.569230769,0.644615385,0.936923077,1.76,0,1.92,0
-1.016620407,-1.152925992,-1.043346162,1.041608128,1.187707797,-0.474931947,-0.004080136,0.204444444,0.208888889,0.217777778,0,0,0,-1.33,-1.33,-1.319,-1.023986385,0.061109469,-0.847354129,-0.709803777,0.569230769,0.661538462,0.936923077,-0.6,1.64,-0.24,0
-0.858037856,-1.166221212,-1.04533808,0.982911998,0.73808694,-0.474931947,-0.004080136,0.204444444,0.208888889,0.217777778,0,0,0,-1.33,-1.319,-1.319,-1.023986385,0.061109469,-0.847354129,-0.709803777,0.569230769,0.661538462,0.936923077,-0.4,0.76,0.88,0
-1.138323294,-1.166221212,-1.051337269,0.974280214,0.763417692,-0.469107661,0.135454738,0.204444444,0.208888889,0.217777778,0,0,0,-1.33,-1.33,-1.319,-1.023986385,0.061109469,-0.847354129,-0.709803777,0.569230769,0.661538462,0.923076923,-0.32,-0.6,1,0
-1.18257889,-1.179516432,-1.063359081,1.112388756,0.954664874,-0.469107661,0.135454738,0.204444444,0.208888889,0.217777778,0,0,0,-1.33,-1.33,-1.319,1.225767053,0.061109469,-0.847354129,-0.709803777,0.569230769,0.676923077,0.923076923,0.52,0.4,0.04,0
-1.042436171,-1.172868822,-1.063359081,1.150368605,1.296630033,-0.474931947,-0.004080136,0.204444444,0.208888889,0.217777778,0,0,0,-1.33,-1.319,-1.319,-1.023986385,0.061109469,-0.847354129,-0.709803777,0.583076923,0.676923077,0.923076923,-0.68,-0.44,0.16,0
-1.138323294,-1.186164042,-1.067366351,1.445575613,1.662659407,-0.480756233,-0.143615011,0.204444444,0.208888889,0.217777778,0,0,0,-1.33,-1.319,-1.319,1.225767053,0.061109469,-0.877337305,-0.709803777,0.583076923,0.692307692,0.923076923,-1,1.56,1.6,0
-1.167827025,-1.129659358,-1.063359081,1.285024433,0.568370898,-0.480756233,-0.17849873,0.204444444,0.208888889,0.217777778,0,0,0,-1.33,-1.33,-1.319,1.225767053,0.061109469,-0.861556686,-0.709803777,0.583076923,0.692307692,0.923076923,-0.52,1.08,-0.56,0
-1.05350007,-1.166221212,-1.047329999,1.329909709,0.824211498,-0.474931947,-0.004080136,0.204444444,0.208888889,0.217777778,0,0,0,-1.33,-1.33,-1.319,0.100890334,-1.209521961,-0.861556686,-0.709803777,0.583076923,0.706153846,0.923076923,-0.44,1.68,0.76,0
-1.071939901,-1.172868822,-1.05534454,1.141736821,0.251736492,-0.480756233,-0.17849873,0.204444444,0.208888889,0.217777778,0,0,0,-1.33,-1.319,-1.319,0.100890334,0.061109469,-0.861556686,-0.709803777,0.583076923,0.706153846,0.907692308,-0.92,0.12,1.64,0
-1.197330755,-1.129659358,-1.061367163,0.74640112,-1.308637863,-0.474931947,-0.004080136,0.204444444,0.208888889,0.217777778,0,0,0,-1.33,-1.319,-1.319,1.225767053,0.061109469,-0.847354129,-0.709803777,0.6,0.721538462,0.907692308,-0.72,2.36,1.96,0
-1.175202957,-1.179516432,-1.063359081,0.135270823,-2.323134501,-0.474931947,-0.004080136,0.204444444,0.208888889,0.217777778,0,0,0,-1.33,-1.33,-1.319,0.100890334,0.061109469,-0.847354129,-0.709803777,0.615384615,0.721538462,0.907692308,-0.8,2.28,1.84,0
-1.064563968,-1.179516432,-1.05534454,-0.044270281,1.395419968,-0.469107661,0.135454738,0.204444444,0.208888889,0.217777778,0,0,0,-1.33,-1.33,-1.319,0.100890334,0.061109469,-0.861556686,-0.709803777,0.615384615,0.738461538,0.892307692,-0.76,2.56,1.96,0
-1.193642789,-1.129659358,-1.061367163,0.150808034,-0.590511029,-0.474931947,-0.004080136,0.204444444,0.208888889,0.217777778,0,0,0,-1.33,-1.33,-1.319,0.100890334,0.061109469,-0.847354129,-0.709803777,0.615384615,0.738461538,0.892307692,-0.6,-0.76,0.2,0
-1.005556508,-1.172868822,-1.05935181,0.290642932,1.536005644,-0.474931947,-0.004080136,0.204444444,0.208888889,0.217777778,0,0,0,-1.33,-1.33,-1.319,-1.023986385,0.061109469,-0.861556686,-0.709803777,0.615384615,0.753846154,0.892307692,-0.64,-0.36,1.76,0
-1.097755665,-1.159573602,-1.061367163,0.471910393,2.452978885,-0.474931947,-0.004080136,0.204444444,0.208888889,0.217777778,0,0,0,-1.33,-1.33,-1.319,-1.023986385,0.061109469,-0.847354129,-0.709803777,0.615384615,0.753846154,0.892307692,-0.8,0,0.28,0
-1.337473474,-1.179516432,-1.05534454,0.834445315,2.442846584,-0.474931947,-0.004080136,0.204444444,0.208888889,0.217777778,0,0,0,-1.33,-1.33,-1.319,-1.023986385,-1.209521961,-0.847354129,-0.709803777,0.629230769,0.753846154,0.892307692,-0.84,0.4,0.08,0
-1.271090081,-1.123011748,-1.05534454,1.212517448,1.503075666,-0.474931947,-0.004080136,0.204444444,0.208888889,0.217777778,0,0,0,-1.33,-1.33,-1.319,-1.023986385,0.061109469,-0.877337305,-0.709803777,0.629230769,0.769230769,0.892307692,-0.56,0.4,0.96,0
-1.38172907,-1.172868822,-1.05534454,1.121020539,-0.220682043,-0.474931947,-0.004080136,0.204444444,0.208888889,0.217777778,0,0,0,-1.33,-1.33,-1.319,-1.023986385,0.061109469,-0.877337305,-0.709803777,0.629230769,0.769230769,0.892307692,-0.64,-0.28,1.88,0
-0.736334968,-1.159573602,-1.071373622,1.704529128,-1.350433605,-0.614620103,-1.608731195,0.226666667,0.168888889,0.217777778,0,0,0,-0.669,-0.669,-0.719,-1.023986385,0.061109469,-0.452838659,-0.61419399,0.815384615,0.892307692,0.569230769,2.04,1.96,-0.68,1
-0.725271069,-1.136306968,-1.089394622,0.977732927,-1.080661091,-0.614620103,-1.22501029,0.226666667,0.168888889,0.217777778,0,0,0,-0.669,-0.68,-0.719,0.100890334,0.061109469,-0.452838659,-0.61419399,0.830769231,0.892307692,0.569230769,1.72,1.48,-0.24,1
-0.828534125,-1.166221212,-1.093401893,0.589302654,-1.306104788,-0.614620103,-0.911056822,0.226666667,0.168888889,0.217777778,0,0,0,-0.669,-0.68,-0.719,0.100890334,-2.480153392,-0.452838659,-0.61419399,0.846153846,0.892307692,0.583076923,1.88,1,0.32,1
-0.950237013,-1.172868822,-1.099401082,0.188787883,-2.081225815,-0.614620103,-0.70175451,0.226666667,0.168888889,0.217777778,0,0,0,-0.669,-0.68,-0.719,-1.023986385,-2.480153392,-0.452838659,-0.61419399,0.846153846,0.892307692,0.583076923,0.4,0.68,0.04,1
-0.802718361,-1.159573602,-1.099401082,-0.228990456,-1.781056398,-0.614620103,-0.527335916,0.226666667,0.168888889,0.217777778,0,0,0,-0.669,-0.68,-0.719,-1.023986385,-1.209521961,-0.452838659,-0.61419399,0.86,0.892307692,0.583076923,-0.68,-0.52,-0.2,1
-0.802718361,-1.179516432,-1.087402704,-0.594978091,-1.963437816,-0.614620103,-0.387801042,0.226666667,0.168888889,0.217777778,0,0,0,-0.669,-0.68,-0.719,-1.023986385,0.061109469,-0.452838659,-0.635228143,0.86,0.875384615,0.583076923,-0.24,0.32,1.64,1
-0.588816316,-1.166221212,-1.089394622,-1.133601404,-3.376893806,-0.620444389,-0.457568479,0.226666667,0.168888889,0.217777778,0,0,0,-0.669,-0.68,-0.719,-1.023986385,0.061109469,-0.452838659,-0.61419399,0.875384615,0.875384615,0.583076923,1.72,1.28,0.24,1
-0.706831238,-1.179516432,-1.083395434,-1.306237081,-0.999602683,-0.614620103,-0.213382448,0.226666667,0.168888889,0.217777778,0,0,0,-0.669,-0.68,-0.719,0.100890334,0.061109469,-0.452838659,-0.61419399,0.892307692,0.875384615,0.583076923,0.28,-0.88,0.04,1
-0.799030395,-1.172868822,-1.093401893,-1.404639417,-1.822852139,-0.614620103,-0.143615011,0.226666667,0.168888889,0.217777778,0,0,0,-0.68,-0.69,-0.719,0.100890334,0.061109469,-0.452838659,-0.61419399,0.892307692,0.86,0.583076923,-0.92,0.16,-0.04,1
-1.027684305,-1.179516432,-1.097409163,-1.839681323,-2.980467529,-0.614620103,-0.108731292,0.226666667,0.168888889,0.217777778,0,0,0,-0.68,-0.69,-0.719,-1.023986385,0.061109469,-0.452838659,-0.61419399,0.892307692,0.86,0.6,0.56,-0.16,0,1
-0.88385362,-1.172868822,-1.09138654,-2.00713793,1.795645857,-0.614620103,-0.073847574,0.226666667,0.168888889,0.217777778,0,0,0,-0.68,-0.68,-0.719,0.100890334,0.061109469,-0.452838659,-0.61419399,0.907692308,0.86,0.6,-0.88,0.56,1.6,1
-0.846973957,-1.172868822,-1.097409163,-1.944989086,-1.730394893,-0.620444389,-0.213382448,0.226666667,0.168888889,0.217777778,0,0,0,-0.68,-0.69,-0.719,0.100890334,0.061109469,-0.452838659,-0.61419399,0.923076923,0.86,0.6,-0.64,1.44,0.56,1
-0.740022934,-1.172868822,-1.09138654,-1.88974567,-2.174949599,-0.614620103,-0.004080136,0.226666667,0.168888889,0.217777778,0,0,0,-0.68,-0.69,-0.719,0.100890334,-1.209521961,-0.452838659,-0.61419399,0.923076923,0.86,0.615384615,1.68,-0.64,0.36,1
-1.023996339,-1.179516432,-1.099401082,-1.808606902,-0.0408337,-0.614620103,-0.004080136,0.226666667,0.168888889,0.217777778,0,0,0,-0.68,-0.69,-0.719,0.100890334,0.061109469,-0.452838659,-0.61419399,0.936923077,0.86,0.615384615,-0.56,0.04,1.24,1
-0.810094294,-1.123011748,-1.099401082,-1.9484418,-2.112889256,-0.614620103,-0.004080136,0.226666667,0.168888889,0.217777778,0,0,0,-0.68,-0.69,-0.719,-1.023986385,0.061109469,-0.452838659,-0.61419399,0.936923077,0.846153846,0.615384615,-0.64,0.12,-0.72,1
-0.95392498,-1.166221212,-1.099401082,-2.005411573,-0.800756275,-0.614620103,-0.004080136,0.226666667,0.168888889,0.217777778,0,0,0,-0.68,-0.69,-0.719,-1.023986385,0.061109469,-0.452838659,-0.61419399,0.952307692,0.846153846,0.615384615,-0.56,-0.36,1.64,1
-1.142011261,-1.172868822,-1.097690375,-2.081371271,-2.204079965,-0.614620103,-0.004080136,0.226666667,0.168888889,0.217777778,0,0,0,-0.68,-0.69,-0.719,0.100890334,0.061109469,-0.452838659,-0.61419399,0.969230769,0.846153846,0.615384615,2,0.4,0.24,1
-0.946549047,-1.123011748,-1.089394622,-2.27472323,-2.109089643,-0.614620103,-0.004080136,0.226666667,0.168888889,0.217777778,0,0,0,-0.68,-0.69,-0.719,0.100890334,0.061109469,-0.452838659,-0.61419399,0.969230769,0.846153846,0.629230769,1.96,-0.64,-0.56,1
-1.071939901,-1.179516432,-1.097409163,-2.361041068,-3.24137428,-0.614620103,-0.004080136,0.226666667,0.168888889,0.217777778,0,0,0,-0.68,-0.69,-0.719,0.100890334,0.061109469,-0.452838659,-0.61419399,1,0.846153846,0.629230769,0.36,-0.56,2.04,1
-0.787966496,-1.172868822,-1.089394622,-2.823704683,-4.034226834,-0.614620103,-0.004080136,0.226666667,0.168888889,0.217777778,0,0,0,-0.69,-0.69,-0.719,0.100890334,0.061109469,-0.452838659,-0.596984228,1,0.846153846,0.629230769,-0.92,-0.52,0.44,1
-0.754774799,-1.136306968,-1.077372811,-2.954907798,-1.802587537,-0.614620103,-0.004080136,0.226666667,0.168888889,0.217777778,0,0,0,-0.69,-0.69,-0.719,-1.023986385,-1.209521961,-0.452838659,-0.596984228,1,0.830769231,0.644615385,-0.68,1.84,1.96,1
-1.116195497,-1.166221212,-1.107415623,-3.32780086,-5.158912245,-0.620444389,-0.143615011,0.226666667,0.168888889,0.217777778,0,0,0,-0.68,-0.69,-0.719,-1.023986385,-1.209521961,-0.452838659,-0.596984228,1.013846154,0.830769231,0.644615385,0.44,0.36,-0.04,1
-1.005556508,-1.172868822,-1.093401893,-3.612649728,-2.359864093,-0.614620103,-0.004080136,0.226666667,0.168888889,0.217777778,0,0,0,-0.69,-0.69,-0.719,1.225767053,0.061109469,-0.467041216,-0.575950075,1.013846154,0.815384615,0.661538462,-0.48,0.8,0,1
-0.787966496,-1.159573602,-1.103408352,-3.716231134,-4.319197799,-0.620444389,-0.143615011,0.226666667,0.168888889,0.217777778,0,0,0,-0.69,-0.69,-0.719,0.100890334,0.061109469,-0.467041216,-0.575950075,1.029230769,0.815384615,0.661538462,1.72,-0.32,-0.08,1
-1.234210418,-1.159573602,-1.101416434,-4.4723754,-5.196908374,-0.614620103,-0.004080136,0.226666667,0.168888889,0.217777778,0,0,0,-0.69,-0.69,-0.719,-1.023986385,0.061109469,-0.467041216,-0.596984228,1.046153846,0.815384615,0.661538462,0.24,1.32,1.56,1
-1.130947362,-1.172868822,-1.105423705,-4.556966882,-2.762623057,-0.568073168,1.112198861,0.226666667,0.168888889,0.217777778,0,0,0,-0.69,-0.69,-0.719,-1.023986385,0.061109469,-0.467041216,-0.596984228,1.046153846,0.815384615,0.676923077,-0.68,-0.2,1.92,1
-1.241586351,-1.159573602,-1.101416434,-4.401594772,-3.335098064,-0.556424597,1.112198861,0.226666667,0.168888889,0.217777778,0,0,0,-0.69,-0.69,-0.73,1.225767053,-1.209521961,-0.467041216,-0.596984228,1.046153846,0.815384615,0.692307692,-0.68,1.44,1.68,1
-1.359601272,-1.172868822,-1.097409163,-4.159904824,-1.380830508,-0.544776025,1.112198861,0.226666667,0.168888889,0.217777778,0,0,0,-0.69,-0.69,-0.719,0.100890334,0.061109469,-0.482821834,-0.61419399,1.061538462,0.815384615,0.692307692,-0.6,1.72,0.04,1
-0.935485148,-1.172868822,-1.087402704,-3.389949704,-0.039567162,-0.521478882,1.426152329,0.226666667,0.168888889,0.217777778,0,0,0,-0.69,-0.69,-0.719,1.225767053,-1.209521961,-0.467041216,-0.61419399,1.061538462,0.815384615,0.692307692,0.84,-0.28,-1.16,1
-0.592504282,-1.129659358,-1.105423705,-2.865137246,0.345460276,-0.521478882,-0.004080136,0.226666667,0.168888889,0.217777778,0,0,0,-0.69,-0.69,-0.73,-1.023986385,-2.480153392,-0.482821834,-0.596984228,1.076923077,0.815384615,0.706153846,0.6,0.68,0.16,1
-0.625695979,-1.149602188,-1.099401082,-2.041665066,1.334626161,-0.521478882,-0.004080136,0.226666667,0.168888889,0.217777778,0,0,0,-0.69,-0.69,-0.73,0.100890334,0.061109469,-0.467041216,-0.61419399,1.076923077,0.798461538,0.706153846,-0.6,0.6,2,1
-0.810094294,-1.172868822,-1.09138654,-1.271709946,1.011659067,-0.521478882,-0.004080136,0.226666667,0.168888889,0.217777778,0,0,0,-0.69,-0.69,-0.73,-1.023986385,0.061109469,-0.452838659,-0.596984228,1.076923077,0.798461538,0.706153846,1.36,-0.56,1.76,1
-0.592504282,-1.166221212,-1.089394622,-0.866016104,-0.096561355,-0.498181738,0.519175644,0.226666667,0.168888889,0.217777778,0,0,0,-0.69,-0.69,-0.73,0.100890334,2.60237233,-0.452838659,-0.61419399,1.090769231,0.783076923,0.721538462,-0.72,0.28,0.8,1
-0.706831238,-1.179516432,-1.081380081,-1.102526982,-2.239543018,-0.521478882,-0.073847574,0.226666667,0.168888889,0.217777778,0,0,0,-0.69,-0.69,-0.73,-1.023986385,2.60237233,-0.43705804,-0.61419399,1.090769231,0.783076923,0.738461538,-0.76,0.52,2.04,1
-0.703143271,-1.159573602,-1.047329999,-1.352848714,-0.737429394,-0.521478882,-0.038963855,0.226666667,0.168888889,0.217777778,0,0,0,-0.69,-0.69,-0.73,1.225767053,1.3317409,-0.43705804,-0.596984228,1.090769231,0.783076923,0.738461538,0.16,2.08,2,1
-0.747398867,-1.186164042,-1.067366351,-1.085263414,0.688691972,-0.521478882,-0.038963855,0.226666667,0.168888889,0.217777778,0,0,0,-0.69,-0.69,-0.73,-1.023986385,0.061109469,-0.452838659,-0.61419399,1.106153846,0.783076923,0.753846154,-0.64,-0.64,-1,1
-0.618320047,-1.172868822,-1.07336554,-0.985134722,0.313796835,-0.521478882,-0.004080136,0.226666667,0.168888889,0.217777778,0,0,0,-0.69,-0.69,-0.73,0.100890334,-1.209521961,-0.452838659,-0.61419399,1.106153846,0.783076923,0.753846154,-0.8,1.6,0.24,1
-0.603568181,-1.159573602,-1.075380892,-0.68129593,0.91413567,-0.527303167,-0.17849873,0.226666667,0.168888889,0.217777778,0,0,0,-0.69,-0.69,-0.73,0.100890334,-1.209521961,-0.452838659,-0.61419399,1.106153846,0.769230769,0.769230769,1.56,0.6,0.16,1
-0.352786473,-1.149602188,-1.081380081,-0.418889701,-0.619641395,-0.521478882,-0.004080136,0.226666667,0.168888889,0.217777778,0,0,0,-0.69,-0.69,-0.73,0.100890334,-2.480153392,-0.452838659,-0.635228143,1.123076923,0.769230769,0.769230769,-0.28,1.8,0.24,1
-0.4154819,-1.159573602,-1.07336554,-0.411984273,-0.783024749,-0.521478882,-0.004080136,0.226666667,0.168888889,0.217777778,0,0,0,-0.69,-0.69,-0.73,-1.023986385,-1.209521961,-0.452838659,-0.635228143,1.123076923,0.769230769,0.783076923,0.56,-0.68,-0.52,1
-0.352786473,-1.152925992,-1.07336554,-0.196189677,0.568370898,-0.521478882,-0.004080136,0.226666667,0.168888889,0.217777778,0,0,0,-0.69,-0.69,-0.73,-1.023986385,0.061109469,-0.43705804,-0.635228143,1.123076923,0.769230769,0.783076923,2,0.36,-0.56,1
-0.563000552,-1.186164042,-1.061367163,0.061037482,0.602567414,-0.521478882,-0.004080136,0.226666667,0.168888889,0.217777778,0,0,0,-0.69,-0.69,-0.73,-1.023986385,0.061109469,-0.43705804,-0.635228143,1.138461538,0.769230769,0.783076923,0.44,0.28,0.36,1
-0.334346642,-1.166221212,-1.067366351,0.333801852,0.512643242,-0.521478882,-0.004080136,0.226666667,0.168888889,0.217777778,0,0,0,-0.69,-0.69,-0.73,0.100890334,0.061109469,-0.421277421,-0.635228143,1.153846154,0.769230769,0.798461538,1.08,0.36,2.08,1
-0.282715114,-1.172868822,-1.061367163,0.24921037,-0.843818555,-0.521478882,-0.004080136,0.226666667,0.168888889,0.217777778,0,0,0,-0.69,-0.69,-0.73,1.225767053,0.061109469,-0.421277421,-0.635228143,1.153846154,0.769230769,0.815384615,1.72,0.36,1.64,1
-0.360162406,-1.186164042,-1.069358269,0.193966953,0.301131459,-0.521478882,-0.004080136,0.226666667,0.168888889,0.217777778,0,0,0,-0.69,-0.7,-0.73,1.225767053,0.061109469,-0.421277421,-0.635228143,1.153846154,0.753846154,0.815384615,1.68,0.24,0,1
-0.389666136,-1.152925992,-1.063359081,0.30272743,0.526575156,-0.521478882,-0.004080136,0.226666667,0.168888889,0.217777778,0,0,0,-0.69,-0.69,-0.73,-1.023986385,0.061109469,-0.421277421,-0.6543501,1.153846154,0.753846154,0.815384615,1.72,0.4,-0.6,1
-0.319594777,-1.179516432,-1.069358269,0.497805745,1.066120185,-0.521478882,-0.004080136,0.226666667,0.168888889,0.217777778,0,0,0,-0.69,-0.7,-0.73,-1.023986385,-2.480153392,-0.421277421,-0.635228143,1.153846154,0.753846154,0.846153846,0.24,-0.48,-1.16,1
-0.397042069,-1.172868822,-1.077372811,0.734316623,1.628462891,-0.521478882,-0.004080136,0.226666667,0.168888889,0.217777778,0,0,0,-0.69,-0.69,-0.73,0.100890334,-1.209521961,-0.421277421,-0.6543501,1.153846154,0.738461538,0.846153846,1.84,-0.44,0.56,1
-0.610944114,-1.166221212,-1.089394622,0.832718959,1.598065988,-0.521478882,-0.004080136,0.226666667,0.168888889,0.217777778,0,0,0,-0.69,-0.7,-0.73,0.100890334,0.061109469,-0.40391874,-0.6543501,1.153846154,0.738461538,0.846153846,-0.72,1.88,1.64,1
-0.835910058,-1.152925992,-1.063359081,0.748127477,-1.477087367,-0.498181738,0.449408206,0.226666667,0.168888889,0.217777778,0,0,0,-0.69,-0.7,-0.73,-1.023986385,0.061109469,-0.421277421,-0.6543501,1.153846154,0.738461538,0.86,-0.64,0.36,-0.32,1
-0.559312586,-1.172868822,-1.061367163,0.52197474,0.920468358,-0.521478882,-0.17849873,0.226666667,0.168888889,0.217777778,0,0,0,-0.69,-0.7,-0.73,0.100890334,0.061109469,-0.421277421,-0.635228143,1.167692308,0.738461538,0.875384615,0.56,0.68,0.04,1
-0.352786473,-1.166221212,-1.069358269,0.466731323,-0.263744322,-0.521478882,-0.143615011,0.226666667,0.168888889,0.217777778,0,0,0,-0.69,-0.7,-0.73,0.100890334,0.061109469,-0.421277421,-0.635228143,1.167692308,0.738461538,0.875384615,1.8,1.84,0.4,1
-0.71420717,-1.149602188,-1.063359081,0.41494062,0.40752062,-0.498181738,0.449408206,0.226666667,0.168888889,0.217777778,0,0,0,-0.69,-0.7,-0.74,0.100890334,0.061109469,-0.40391874,-0.635228143,1.167692308,0.738461538,0.892307692,-0.76,0.28,1.56,1
-0.408105968,-1.172868822,-1.077372811,0.515069313,1.204172786,-0.498181738,0.414524488,0.226666667,0.168888889,0.217777778,0,0,0,-0.69,-0.7,-0.74,0.100890334,0.061109469,-0.421277421,-0.635228143,1.167692308,0.721538462,0.892307692,-0.52,0.36,1.04,1
-0.459737496,-1.166221212,-1.083395434,0.647998784,1.0901844,-0.498181738,0.309873332,0.226666667,0.168888889,0.217777778,0,0,0,-0.7,-0.7,-0.74,0.100890334,0.061109469,-0.40391874,-0.635228143,1.167692308,0.721538462,0.907692308,1.24,1.64,0.44,1
-0.470801395,-1.172868822,-1.083395434,0.827539888,1.728519363,-0.521478882,-0.213382448,0.226666667,0.168888889,0.217777778,0,0,0,-0.69,-0.7,-0.74,0.100890334,0.061109469,-0.40391874,-0.635228143,1.167692308,0.721538462,0.923076923,0.24,0.32,1.12,1
-0.551936653,-1.159573602,-1.085387352,1.234960086,2.170540994,-0.498181738,0.135454738,0.226666667,0.168888889,0.217777778,0,0,0,-0.7,-0.7,-0.74,0.100890334,0.061109469,-0.421277421,-0.635228143,1.167692308,0.721538462,0.923076923,0.2,0.44,0.72,1
-0.681015474,-1.152925992,-1.069358269,1.443849256,-0.097827893,-0.498181738,0.10057102,0.226666667,0.168888889,0.217777778,0,0,0,-0.7,-0.7,-0.74,0.100890334,0.061109469,-0.40391874,-0.6543501,1.167692308,0.721538462,0.936923077,0.16,0.52,1.36,1
-0.710519204,-1.186164042,-1.069358269,1.157274032,-0.285275462,-0.498181738,0.065687301,0.226666667,0.168888889,0.217777778,0,0,0,-0.7,-0.7,-0.74,-1.023986385,0.061109469,-0.421277421,-0.635228143,1.167692308,0.706153846,0.936923077,-0.56,0.16,0.12,1
-0.688391406,-1.159573602,-1.063359081,0.969101144,0.06048931,-0.521478882,-0.42268476,0.226666667,0.168888889,0.217777778,0,0,0,-0.7,-0.7,-0.74,0.100890334,0.061109469,-0.421277421,-0.635228143,1.167692308,0.706153846,0.952307692,1.84,-0.52,-1.2,1
-0.931797182,-1.172868822,-1.071373622,0.829266245,-1.111057994,-0.521478882,-0.42268476,0.226666667,0.168888889,0.217777778,0,0,0,-0.7,-0.7,-0.74,0.100890334,0.061109469,-0.421277421,-0.635228143,1.167692308,0.706153846,0.969230769,-0.04,0.04,1.76,1
-1.064563968,-1.186164042,-1.067366351,0.465004966,-2.201546889,-0.521478882,-0.352917323,0.226666667,0.168888889,0.217777778,0,0,0,-0.7,-0.7,-0.74,1.225767053,0.061109469,-0.452838659,-0.6543501,1.167692308,0.706153846,0.969230769,-0.56,1.88,0.04,1
-0.780590564,-1.129659358,-1.063359081,-0.0874292,-2.138220008,-0.498181738,0.170338457,0.226666667,0.168888889,0.217777778,0,0,0,-0.7,-0.7,-0.74,-1.023986385,-1.209521961,-0.452838659,-0.6543501,1.167692308,0.706153846,0.984615385,1.8,1.76,0.28,1
-0.338034608,-1.159573602,-1.05534454,-0.760708341,-2.053361987,-0.498181738,0.135454738,0.226666667,0.168888889,0.217777778,0,0,0,-0.7,-0.7,-0.74,0.100890334,0.061109469,-0.452838659,-0.6543501,1.167692308,0.692307692,1,0.32,-0.2,-1.48,1
-0.400730035,-1.166221212,-1.035331621,-0.786603693,-0.311872752,-0.498181738,0.10057102,0.226666667,0.168888889,0.217777778,0,0,0,-0.7,-0.7,-0.74,0.100890334,0.061109469,-0.452838659,-0.6543501,1.183076923,0.692307692,1,-0.76,0.28,0.6,1
-0.319594777,-1.179516432,-1.047329999,-1.090442485,0.013627418,-0.521478882,-0.42268476,0.226666667,0.168888889,0.217777778,0,0,0,-0.7,-0.7,-0.74,0.100890334,0.061109469,-0.452838659,-0.6543501,1.167692308,0.692307692,1,-0.6,-0.52,-1.36,1
-0.703143271,-1.172868822,-1.04533808,-1.206108388,-2.300336824,-0.498181738,0.170338457,0.226666667,0.168888889,0.217777778,0,0,0,-0.7,-0.7,-0.74,-1.023986385,0.061109469,-0.452838659,-0.671559862,1.167692308,0.692307692,1.013846154,1.76,1.96,-1,1
-0.51505699,-1.172868822,-1.051337269,-1.506494467,-3.004531744,-0.521478882,-0.352917323,0.226666667,0.168888889,0.217777778,0,0,0,-0.7,-0.7,-0.74,-1.023986385,0.061109469,-0.452838659,-0.6543501,1.167692308,0.692307692,1.013846154,1.8,-1.68,0.52,1
-0.540872754,-1.159573602,-1.051337269,-1.736099917,-3.075457851,-0.521478882,-0.352917323,0.226666667,0.168888889,0.217777778,0,0,0,-0.7,-0.7,-0.74,-1.023986385,0.061109469,-0.452838659,-0.6543501,1.167692308,0.692307692,1.013846154,1.8,0.68,0.36,1
-0.548248687,-1.159573602,-1.047329999,-1.748184415,-0.095294818,-0.498181738,0.309873332,0.226666667,0.168888889,0.217777778,0,0,0,-0.7,-0.7,-0.74,0.100890334,0.061109469,-0.467041216,-0.6543501,1.167692308,0.692307692,1.013846154,0.4,1.72,-1.52,1
-0.610944114,-1.172868822,-1.057359892,-1.962252654,0.057956235,-0.498181738,0.205222176,0.226666667,0.168888889,0.217777778,0,0,0,-0.7,-0.7,-0.74,0.100890334,0.061109469,-0.452838659,-0.6543501,1.167692308,0.676923077,1.029230769,-0.56,-0.76,-1.44,1
-0.481865294,-1.179516432,-1.053352622,-1.625613084,0.35939219,-0.521478882,-0.248266167,0.226666667,0.168888889,0.217777778,0,0,0,-0.7,-0.7,-0.74,-1.023986385,0.061109469,-0.452838659,-0.6543501,1.183076923,0.676923077,1.046153846,1.76,1.08,-0.4,1
-0.640447844,-1.129659358,-1.04133081,-1.767174339,-3.340164215,-0.498181738,0.274989613,0.226666667,0.168888889,0.217777778,0,0,0,-0.7,-0.7,-0.74,0.100890334,0.061109469,-0.452838659,-0.6543501,1.167692308,0.676923077,1.046153846,1.88,1,0.36,1
-0.51505699,-1.172868822,-1.051337269,-2.110719337,-1.687332613,-0.521478882,-0.213382448,0.226666667,0.168888889,0.217777778,0,0,0,-0.7,-0.7,-0.74,-1.023986385,0.061109469,-0.452838659,-0.6543501,1.183076923,0.661538462,1.046153846,-0.88,-0.2,1.84,1
-0.555624619,-1.199459261,-1.043346162,-2.281628657,-1.811453301,-0.521478882,-0.17849873,0.226666667,0.168888889,0.217777778,0,0,0,-0.7,-0.7,-0.74,-1.023986385,0.061109469,-0.452838659,-0.671559862,1.183076923,0.661538462,1.046153846,-0.64,0.88,0.12,1
-0.430233765,-1.136306968,-1.04533808,-2.39211549,-2.306669512,-0.521478882,-0.108731292,0.226666667,0.168888889,0.217777778,0,0,0,-0.7,-0.709,-0.74,-1.023986385,-1.209521961,-0.452838659,-0.6543501,1.183076923,0.661538462,1.061538462,1.8,0.8,-1.32,1
-0.706831238,-1.172868822,-1.04533808,-2.580288378,-2.765156133,-0.521478882,-0.073847574,0.226666667,0.168888889,0.217777778,0,0,0,-0.7,-0.709,-0.74,-1.023986385,0.061109469,-0.452838659,-0.6543501,1.183076923,0.661538462,1.076923077,0.6,-0.6,0.68,1
-0.68470344,-1.152925992,-1.04533808,-3.112006264,-3.744189717,-0.521478882,-0.073847574,0.226666667,0.168888889,0.217777778,0,0,0,-0.7,-0.709,-0.74,0.100890334,-1.209521961,-0.452838659,-0.6543501,1.183076923,0.661538462,1.076923077,-0.64,0,1.92,1
-0.467113428,-1.172868822,-1.04533808,-3.187965962,-0.266277397,-0.521478882,-0.073847574,0.226666667,0.168888889,0.217777778,0,0,0,-0.7,-0.7,-0.74,-1.023986385,0.061109469,-0.452838659,-0.635228143,1.167692308,0.661538462,1.076923077,-0.04,2.04,1.08,1
-0.640447844,-1.166221212,-1.047329999,-3.320895433,-3.960767651,-0.521478882,-0.038963855,0.226666667,0.168888889,0.217777778,0,0,0,-0.7,-0.709,-0.74,0.100890334,0.061109469,-0.452838659,-0.6543501,1.167692308,0.661538462,1.076923077,-0.8,1.8,-0.44,1
-0.544560721,-1.159573602,-1.051337269,-3.384770634,-0.942608489,-0.527303167,-0.213382448,0.226666667,0.168888889,0.217777778,0,0,0,-0.7,-0.709,-0.74,0.100890334,0.061109469,-0.452838659,-0.671559862,1.167692308,0.644615385,1.076923077,1.72,-0.6,-0.2,1
-0.422857833,-1.172868822,-1.047329999,-3.20522953,-1.95583859,-0.498181738,0.554059362,0.226666667,0.168888889,0.217777778,0,0,0,-0.7,-0.709,-0.74,0.100890334,0.061109469,-0.452838659,-0.6543501,1.167692308,0.644615385,1.090769231,0.48,0.56,0.64,1
-0.544560721,-1.159573602,-1.04533808,-3.351969855,-3.408557247,-0.521478882,0.274989613,0.226666667,0.168888889,0.217777778,0,0,0,-0.7,-0.709,-0.74,0.100890334,0.061109469,-0.452838659,-0.671559862,1.167692308,0.644615385,1.090769231,-0.36,-0.12,0.84,1
-0.537184788,-1.199459261,-1.04133081,-3.576396235,-2.951337164,-0.521478882,0.065687301,0.226666667,0.168888889,0.217777778,0,0,0,-0.7,-0.709,-0.74,0.100890334,0.061109469,-0.467041216,-0.671559862,1.167692308,0.629230769,1.090769231,-0.08,0.08,0.88,1
-0.51505699,-1.172868822,-1.043346162,-3.533237316,-2.881677594,-0.492357452,0.693594237,0.226666667,0.168888889,0.217777778,0,0,0,-0.7,-0.709,-0.74,-1.023986385,-1.209521961,-0.452838659,-0.671559862,1.167692308,0.629230769,1.090769231,0.48,0.56,1.24,1
-0.71420717,-1.159573602,-1.069358269,-3.619555155,-3.823981588,-0.521478882,-0.004080136,0.226666667,0.168888889,0.217777778,0,0,0,-0.7,-0.709,-0.75,-1.023986385,-1.209521961,-0.452838659,-0.671559862,1.167692308,0.629230769,1.090769231,0.6,0.64,0.28,1
-0.319594777,-1.179516432,-1.061367163,-3.92166759,-2.064760826,-0.486580518,0.833129112,0.226666667,0.168888889,0.217777778,0,0,0,-0.7,-0.709,-0.74,-1.023986385,0.061109469,-0.482821834,-0.671559862,1.167692308,0.629230769,1.090769231,-0.68,0.04,0,1
-0.183140024,-1.159573602,-1.067366351,-3.623007868,-1.943173214,-0.474931947,0.937780268,0.226666667,0.168888889,0.217777778,0,0,0,-0.7,-0.709,-0.75,0.100890334,0.061109469,-0.482821834,-0.671559862,1.167692308,0.629230769,1.106153846,-0.48,1.44,-0.24,1
-0.341722574,-1.179516432,-1.051337269,-3.298452795,0.403721007,-0.463283375,0.972663986,0.226666667,0.168888889,0.217777778,0,0,0,-0.7,-0.719,-0.75,0.100890334,1.3317409,-0.467041216,-0.6543501,1.167692308,0.629230769,1.106153846,0.52,1.72,-0.88,1
-0.253211383,-1.149602188,-1.05534454,-2.072739488,1.118048227,-0.451634803,0.972663986,0.226666667,0.168888889,0.217777778,0,0,0,-0.709,-0.719,-0.75,0.100890334,0.061109469,-0.482821834,-0.671559862,1.167692308,0.629230769,1.106153846,0.28,1.56,-0.12,1
-0.636759878,-1.172868822,-1.043346162,-1.50994718,-1.597408442,-0.451634803,0.693594237,0.226666667,0.168888889,0.217777778,0,0,0,-0.709,-0.719,-0.75,-1.023986385,0.061109469,-0.482821834,-0.6543501,1.167692308,0.629230769,1.123076923,0.36,1.96,-0.44,1
-0.507681058,-1.166221212,-1.043346162,-1.202655675,0.279600319,-0.445810518,0.658710518,0.226666667,0.168888889,0.217777778,0,0,0,-0.709,-0.719,-0.75,-1.023986385,-1.209521961,-0.482821834,-0.635228143,1.167692308,0.615384615,1.123076923,-0.76,-0.6,1.48,1
-0.374914271,-1.172868822,-1.057359892,-1.235456453,-0.955273866,-0.451634803,0.34475705,0.226666667,0.168888889,0.217777778,0,0,0,-0.709,-0.719,-0.75,-1.023986385,0.061109469,-0.467041216,-0.6543501,1.167692308,0.615384615,1.123076923,0.2,1.96,-1.44,1
-0.356474439,-1.166221212,-1.053352622,-1.074905274,0.274534169,-0.457459089,0.065687301,0.226666667,0.168888889,0.217777778,0,0,0,-0.709,-0.719,-0.75,-1.023986385,-1.209521961,-0.467041216,-0.635228143,1.167692308,0.615384615,1.123076923,0.32,2.08,0.8,1
-0.496617159,-1.159573602,-1.047329999,-1.086989771,-1.686066076,-0.451634803,0.170338457,0.226666667,0.168888889,0.217777778,0,0,0,-0.709,-0.719,-0.75,-1.023986385,0.061109469,-0.482821834,-0.635228143,1.167692308,0.615384615,1.123076923,-0.44,-0.32,1.88,1
-0.326970709,-1.136306968,-1.061367163,-1.278615373,-2.147085771,-0.451634803,0.10057102,0.226666667,0.168888889,0.217777778,0,0,0,-0.709,-0.719,-0.75,-1.023986385,0.061109469,-0.482821834,-0.635228143,1.167692308,0.615384615,1.123076923,-0.72,2.04,0.28,1
-0.146260361,-1.159573602,-1.047329999,-1.221645599,0.551905909,-0.439986232,0.379640769,0.226666667,0.168888889,0.217777778,0,0,0,-0.709,-0.719,-0.75,-1.023986385,0.061109469,-0.482821834,-0.6543501,1.167692308,0.615384615,1.123076923,1.56,0.6,0.48,1
-0.363850372,-1.179516432,-1.063359081,-0.929891305,0.279600319,-0.445810518,0.170338457,0.226666667,0.168888889,0.217777778,0,0,0,-0.709,-0.719,-0.75,0.100890334,0.061109469,-0.452838659,-0.6543501,1.167692308,0.615384615,1.123076923,-0.44,0,-0.12,1
-0.456049529,-1.166221212,-1.057359892,-0.807319974,-0.480322256,-0.451634803,-0.004080136,0.226666667,0.168888889,0.217777778,0,0,0,-0.709,-0.719,-0.75,0.100890334,0.061109469,-0.452838659,-0.6543501,1.167692308,0.6,1.123076923,0.68,1.56,-1.28,1
-0.736334968,-1.166221212,-1.057359892,-0.629505227,-0.152289011,-0.445810518,0.135454738,0.226666667,0.168888889,0.217777778,0,0,0,-0.709,-0.719,-0.75,1.225767053,0.061109469,-0.452838659,-0.6543501,1.153846154,0.6,1.123076923,-0.72,1.76,1.72,1
-0.570376485,-1.179516432,-1.043346162,-0.665758719,-0.394197698,-0.451634803,-0.038963855,0.226666667,0.168888889,0.217777778,0,0,0,-0.709,-0.719,-0.75,0.100890334,0.061109469,-0.467041216,-0.671559862,1.153846154,0.6,1.123076923,0.6,1.76,0.48,1
-0.220019687,-1.129659358,-1.04533808,-0.679569573,-0.636106384,-0.451634803,-0.038963855,0.226666667,0.168888889,0.217777778,0,0,0,-0.719,-0.719,-0.75,0.100890334,0.061109469,-0.467041216,-0.6543501,1.153846154,0.6,1.123076923,-0.88,2.16,-0.68,1
-0.382290204,-1.166221212,-1.043346162,-0.741718417,0.726688101,-0.445810518,0.10057102,0.226666667,0.168888889,0.217777778,0,0,0,-0.709,-0.719,-0.75,0.100890334,0.061109469,-0.467041216,-0.6543501,1.153846154,0.583076923,1.123076923,1.76,-0.24,-0.32,1
-0.341722574,-1.152925992,-1.04133081,-0.285960229,1.299163108,-0.451634803,-0.073847574,0.226666667,0.168888889,0.217777778,0,0,0,-0.719,-0.719,-0.75,1.225767053,0.061109469,-0.452838659,-0.6543501,1.153846154,0.583076923,1.123076923,0.4,0.12,-1.92,1
-0.330658675,-1.172868822,-1.039338892,0.019604919,0.296065308,-0.451634803,-0.073847574,0.226666667,0.168888889,0.217777778,0,0,0,-0.719,-0.719,-0.75,0.100890334,0.061109469,-0.452838659,-0.6543501,1.153846154,0.583076923,1.123076923,-0.68,-0.2,0.76,1
-0.48555326,-1.159573602,-1.043346162,-0.225537742,-0.957806941,-0.445810518,0.065687301,0.226666667,0.168888889,0.217777778,0,0,0,-0.719,-0.719,-0.75,1.225767053,0.061109469,-0.452838659,-0.635228143,1.153846154,0.583076923,1.123076923,-0.12,1.56,1.08,1
-0.503993091,-1.186164042,-1.047329999,-0.330845505,-0.110493269,-0.445810518,0.065687301,0.226666667,0.168888889,0.217777778,0,0,0,-0.719,-0.719,-0.75,-1.023986385,0.061109469,-0.467041216,-0.6543501,1.153846154,0.583076923,1.123076923,-0.52,1.68,0.96,1
-0.338034608,-1.149602188,-1.047329999,-0.291139299,0.356859114,-0.457459089,-0.248266167,0.226666667,0.168888889,0.217777778,0,0,0,-0.719,-0.719,-0.75,0.100890334,0.061109469,-0.452838659,-0.6543501,1.153846154,0.583076923,1.123076923,1.56,-0.24,0.4,1
-0.496617159,-1.159573602,-1.04533808,-0.365372641,0.076954299,-0.451634803,-0.073847574,0.226666667,0.168888889,0.217777778,0,0,0,-0.719,-0.719,-0.75,-1.023986385,1.3317409,-0.467041216,-0.6543501,1.138461538,0.583076923,1.123076923,1.68,1.84,-0.24,1
-0.050373237,-1.172868822,-1.053352622,-0.339477289,-0.962873091,-0.451634803,-0.108731292,0.226666667,0.168888889,0.217777778,0,0,0,-0.719,-0.719,-0.75,0.100890334,0.061109469,-0.482821834,-0.671559862,1.138461538,0.583076923,1.123076923,-0.16,0.64,0.52,1
-0.179452057,-1.166221212,-1.047329999,-0.351561786,-0.705765953,-0.439986232,0.170338457,0.226666667,0.168888889,0.217777778,0,0,0,-0.719,-0.719,-0.75,0.100890334,0.061109469,-0.482821834,-0.6543501,1.138461538,0.569230769,1.123076923,-0.72,-0.68,1.88,1
-0.352786473,-1.179516432,-1.047329999,-0.973050224,-2.342132566,-0.445810518,0.030803582,0.226666667,0.168888889,0.217777778,0,0,0,-0.719,-0.719,-0.75,-1.023986385,0.061109469,-0.467041216,-0.6543501,1.123076923,0.583076923,1.123076923,-0.76,2.28,-0.6,1
-0.374914271,-1.149602188,-1.057359892,-1.052462636,-0.005370646,-0.445810518,0.030803582,0.226666667,0.168888889,0.217777778,0,0,0,-0.719,-0.719,-0.75,-1.023986385,0.061109469,-0.452838659,-0.6543501,1.123076923,0.569230769,1.123076923,1.8,1.64,-0.68,1
-0.319594777,-1.179516432,-1.04533808,-0.969597511,-1.094593004,-0.445810518,0.030803582,0.226666667,0.168888889,0.217777778,0,0,0,-0.719,-0.719,-0.75,-1.023986385,0.061109469,-0.452838659,-0.635228143,1.123076923,0.569230769,1.123076923,-0.56,0.52,-1.8,1
-0.419169867,-1.172868822,-1.051337269,-1.083537058,-1.138921821,-0.451634803,-0.108731292,0.226666667,0.168888889,0.217777778,0,0,0,-0.719,-0.719,-0.75,0.100890334,0.061109469,-0.452838659,-0.6543501,1.123076923,0.569230769,1.123076923,-0.36,-0.16,0.44,1
-0.4154819,-1.136306968,-1.04533808,-1.040378138,-0.449925353,-0.451634803,-0.108731292,0.226666667,0.168888889,0.217777778,0,0,0,-0.719,-0.719,-0.75,-1.023986385,0.061109469,-0.452838659,-0.6543501,1.123076923,0.569230769,1.123076923,-0.28,1.56,-0.6,1
-0.330658675,-1.166221212,-1.051337269,-0.952333943,-0.746295157,-0.445810518,0.030803582,0.226666667,0.168888889,0.217777778,0,0,0,-0.719,-0.719,-0.75,-1.023986385,-1.209521961,-0.452838659,-0.6543501,1.123076923,0.569230769,1.123076923,-0.68,1.68,-0.84,1
-0.275339181,-1.199459261,-1.039338892,-0.890185099,-1.078128015,-0.457459089,-0.283149886,0.226666667,0.168888889,0.217777778,0,0,0,-0.719,-0.719,-0.75,0.100890334,0.061109469,-0.452838659,-0.6543501,1.106153846,0.569230769,1.123076923,-0.44,-0.36,2,1
-0.256899349,-1.152925992,-1.04533808,-0.867742461,-0.349868881,-0.451634803,-0.108731292,0.226666667,0.168888889,0.217777778,0,0,0,-0.719,-0.719,-0.75,0.100890334,0.061109469,-0.452838659,-0.6543501,1.106153846,0.583076923,1.123076923,1.4,0.28,0.12,1
-0.194203922,-1.172868822,-1.035331621,-0.598430805,1.594266375,-0.445810518,0.030803582,0.226666667,0.168888889,0.217777778,0,0,0,-0.719,-0.719,-0.75,-1.023986385,0.061109469,-0.452838659,-0.6543501,1.106153846,0.583076923,1.123076923,-0.84,-0.36,-0.76,1
-0.212643754,-1.172868822,-1.04133081,-0.208274174,0.484779415,-0.451634803,-0.108731292,0.226666667,0.168888889,0.217777778,0,0,0,-0.719,-0.719,-0.75,0.100890334,0.061109469,-0.452838659,-0.6543501,1.090769231,0.583076923,1.123076923,1.84,1.88,-1.04,1
-0.135196462,-1.166221212,-1.04133081,0.043773914,0.692491585,-0.451634803,-0.108731292,0.226666667,0.168888889,0.217777778,0,0,0,-0.719,-0.719,-0.75,0.100890334,0.061109469,-0.452838659,-0.6543501,1.090769231,0.583076923,1.123076923,-0.68,1.84,-0.44,1
-0.422857833,-1.179516432,-1.057359892,0.173250672,0.873606466,-0.451634803,-0.108731292,0.226666667,0.168888889,0.217777778,0,0,0,-0.719,-0.73,-0.759,0.100890334,0.061109469,-0.452838659,-0.6543501,1.090769231,0.583076923,1.123076923,-0.52,0.12,1.36,1
-0.378602237,-1.172868822,-1.05534454,0.290642932,0.586102425,-0.445810518,-0.004080136,0.226666667,0.168888889,0.217777778,0,0,0,-0.719,-0.719,-0.759,0.100890334,0.061109469,-0.452838659,-0.635228143,1.090769231,0.583076923,1.123076923,-0.72,0.24,-1.16,1
-0.518744957,-1.172868822,-1.053352622,0.214683235,-1.592342291,-0.439986232,0.170338457,0.226666667,0.168888889,0.217777778,0,0,0,-0.719,-0.719,-0.759,1.225767053,0.061109469,-0.452838659,-0.6543501,1.090769231,0.583076923,1.123076923,1.72,-0.2,-1.48,1
-0.625695979,-1.149602188,-1.04533808,-0.116777266,0.211207288,-0.451634803,-0.143615011,0.226666667,0.168888889,0.217777778,0,0,0,-0.719,-0.719,-0.759,0.100890334,0.061109469,-0.452838659,-0.6543501,1.076923077,0.583076923,1.123076923,-0.6,1.92,1.16,1
-0.4154819,-1.172868822,-1.051337269,-0.18410518,-1.271908272,-0.451634803,-0.17849873,0.226666667,0.168888889,0.217777778,0,0,0,-0.719,-0.719,-0.759,-1.023986385,0.061109469,-0.452838659,-0.635228143,1.076923077,0.6,1.123076923,0.36,1.76,1.96,1
-0.352786473,-1.186164042,-1.051337269,-0.429247841,-0.613308707,-0.451634803,-0.143615011,0.226666667,0.168888889,0.217777778,0,0,0,-0.719,-0.73,-0.759,0.100890334,0.061109469,-0.467041216,-0.635228143,1.076923077,0.6,1.106153846,-0.52,-0.64,1.88,1
-0.51505699,-1.136306968,-1.05534454,-0.556998242,-0.565180277,-0.445810518,-0.004080136,0.226666667,0.168888889,0.217777778,0,0,0,-0.719,-0.719,-0.759,0.100890334,-1.209521961,-0.467041216,-0.635228143,1.076923077,0.615384615,1.106153846,-0.96,1.84,1.04,1
-0.400730035,-1.152925992,-1.057359892,-0.565630026,-0.21688243,-0.451634803,-0.143615011,0.226666667,0.168888889,0.217777778,0,0,0,-0.719,-0.73,-0.759,0.100890334,0.061109469,-0.467041216,-0.6543501,1.076923077,0.615384615,1.106153846,1.36,1.68,1.2,1
-0.183140024,-1.166221212,-1.053352622,-0.765887412,-1.521416184,-0.445810518,0.030803582,0.226666667,0.168888889,0.217777778,0,0,0,-0.719,-0.73,-0.759,0.100890334,0.061109469,-0.467041216,-0.6543501,1.076923077,0.615384615,1.106153846,0.64,-0.68,1.88,1
-0.444985631,-1.172868822,-1.053352622,-0.334298219,2.136344479,-0.439986232,0.205222176,0.226666667,0.168888889,0.217777778,0,0,0,-0.719,-0.73,-0.759,-1.023986385,0.061109469,-0.452838659,-0.635228143,1.076923077,0.615384615,1.106153846,-0.76,1.96,1.36,1
-0.338034608,-1.186164042,-1.051337269,-0.037364854,0.173211159,-0.445810518,0.065687301,0.226666667,0.168888889,0.217777778,0,0,0,-0.719,-0.73,-0.759,0.100890334,0.061109469,-0.452838659,-0.635228143,1.061538462,0.629230769,1.106153846,1.68,0.96,-1.2,1
-0.382290204,-1.136306968,-1.05534454,-0.13576719,-0.463857267,-0.451634803,-0.108731292,0.226666667,0.168888889,0.217777778,0,0,0,-0.719,-0.73,-0.759,0.100890334,0.061109469,-0.467041216,-0.635228143,1.061538462,0.629230769,1.106153846,0.72,-0.36,-0.48,1
-0.492929192,-1.179516432,-1.05534454,-0.266970305,-1.098392617,-0.445810518,0.065687301,0.226666667,0.168888889,0.217777778,0,0,0,-0.73,-0.73,-0.759,0.100890334,0.061109469,-0.467041216,-0.635228143,1.061538462,0.629230769,1.106153846,-0.56,0.08,1.16,1
-0.326970709,-1.179516432,-1.053352622,-0.551819172,-1.841850204,-0.451634803,-0.073847574,0.226666667,0.168888889,0.217777778,0,0,0,-0.73,-0.73,-0.759,0.100890334,0.061109469,-0.467041216,-0.635228143,1.061538462,0.629230769,1.106153846,-0.52,-0.32,0.96,1
-0.503993091,-1.172868822,-1.057359892,-0.853931607,-1.275707885,-0.451634803,-0.073847574,0.226666667,0.168888889,0.217777778,0,0,0,-0.719,-0.73,-0.759,0.100890334,0.061109469,-0.467041216,-0.635228143,1.046153846,0.644615385,1.106153846,1.76,1.6,-1.48,1
-0.481865294,-1.166221212,-1.057359892,-1.069726203,-1.421359712,-0.445810518,0.065687301,0.226666667,0.168888889,0.217777778,0,0,0,-0.73,-0.73,-0.759,-1.023986385,0.061109469,-0.452838659,-0.635228143,1.046153846,0.644615385,1.090769231,0.6,0.72,-0.6,1
-0.301154945,-1.172868822,-1.057359892,-1.080084344,-1.064196101,-0.445810518,0.030803582,0.226666667,0.168888889,0.217777778,0,0,0,-0.73,-0.73,-0.759,0.100890334,0.061109469,-0.452838659,-0.635228143,1.046153846,0.661538462,1.106153846,-0.56,0.04,1.8,1
-0.234771552,-1.172868822,-1.067366351,-0.981682008,0.03895817,-0.451634803,-0.108731292,0.226666667,0.168888889,0.217777778,0,0,0,-0.73,-0.73,-0.759,-1.023986385,0.061109469,-0.467041216,-0.635228143,1.046153846,0.661538462,1.090769231,1.8,1.48,-0.24,1
-0.319594777,-1.186164042,-1.071373622,-0.791782763,0.23653804,-0.445810518,0.030803582,0.226666667,0.168888889,0.217777778,0,0,0,-0.73,-0.73,-0.759,-1.023986385,0.061109469,-0.482821834,-0.635228143,1.046153846,0.661538462,1.090769231,-0.56,1.52,-0.32,1
-0.437609698,-1.152925992,-1.061367163,-0.722728492,-1.399828572,-0.451634803,-0.108731292,0.226666667,0.168888889,0.217777778,0,0,0,-0.73,-0.73,-0.759,-1.023986385,0.061109469,-0.467041216,-0.635228143,1.046153846,0.676923077,1.090769231,0.48,0.04,-0.96,1
-0.555624619,-1.172868822,-1.057359892,-1.11979055,-2.290204523,-0.445810518,0.030803582,0.226666667,0.168888889,0.217777778,0,0,0,-0.73,-0.73,-0.759,0.100890334,0.061109469,-0.452838659,-0.6543501,1.029230769,0.692307692,1.090769231,-0.4,0.2,0.12,1
-0.467113428,-1.179516432,-1.071373622,-1.444345623,-1.682266463,-0.451634803,-0.108731292,0.226666667,0.168888889,0.217777778,0,0,0,-0.73,-0.73,-0.759,-1.023986385,0.061109469,-0.467041216,-0.6543501,1.029230769,0.692307692,1.090769231,-0.8,1.92,0.4,1
-0.426545799,-1.166221212,-1.071373622,-1.399460347,-0.189018602,-0.451634803,-0.108731292,0.226666667,0.168888889,0.217777778,0,0,0,-0.73,-0.73,-0.759,0.100890334,0.061109469,-0.482821834,-0.671559862,1.013846154,0.692307692,1.090769231,1.72,1.96,0.08,1
-0.426545799,-1.152925992,-1.07336554,-1.235456453,-0.889413909,-0.451634803,-0.073847574,0.226666667,0.168888889,0.217777778,0,0,0,-0.73,-0.73,-0.769,-1.023986385,-1.209521961,-0.482821834,-0.6543501,1.013846154,0.706153846,1.090769231,0.36,-0.12,0.12,1
-0.430233765,-1.166221212,-1.07336554,-1.042104495,-0.541116062,-0.445810518,0.065687301,0.226666667,0.168888889,0.217777778,0,0,0,-0.73,-0.73,-0.769,0.100890334,0.061109469,-0.482821834,-0.671559862,1.013846154,0.706153846,1.090769231,-0.72,-1.12,1.88,1
-0.677327507,-1.166221212,-1.07336554,-0.693380427,-0.005370646,-0.451634803,-0.073847574,0.226666667,0.168888889,0.217777778,0,0,0,-0.73,-0.74,-0.769,0.100890334,0.061109469,-0.482821834,-0.6543501,1.013846154,0.721538462,1.076923077,1.44,0.56,0.48,1