0.307297625,1.511462153,1.074027378,0.1144193,-0.572172102,-0.589459871,0.589485535,-0.217663555,-0.214001859,-0.22098345,-0.001696101,-0.001538985,-0.00128707,0.55742142,0.565271101,0.611889277,0.030739705,-1.522076219,0.633153316,0.823021637,0.281235973,0.598481266,1.463120225,-0.525736976,-0.184070535,1.541207882,0
0.367183537,1.416808422,0.903469121,-0.042166365,-0.164113346,-0.595808055,-0.395193172,-0.217663555,-0.214001859,-0.22098345,-0.001696101,-0.001538985,-0.00128707,0.55742142,0.565271101,0.611889277,1.380008646,0.305876054,0.646437011,0.823021637,0.281235973,0.598481266,1.463120225,0.016482439,0.303485178,-1.174179166,0
0.343229171,1.332296163,0.650438323,-0.168080612,-0.066534078,-0.595808055,-0.198257429,-0.217663555,-0.214001859,-0.22098345,-0.001696101,-0.001538985,-0.00128707,0.55742142,0.565271101,0.611889277,-1.318529236,0.305876054,0.646437011,0.823021637,0.281235973,0.598481266,1.532885193,-0.022247519,-1.402959818,-1.452680402,0
1.081822092,1.48441823,1.107036993,-0.260094869,-0.025506431,-0.602208274,-1.379871874,-0.217663555,-0.214001859,-0.22098345,-0.001696101,-0.001538985,-0.00128707,0.55742142,0.565271101,0.611889277,0.030739705,0.305876054,0.633153316,0.823021637,0.210568574,0.598481266,1.602650165,-0.060977478,0.506633392,-0.26905015,0
0.766422953,1.528364605,1.239049703,-0.067994929,-0.230644665,-0.589459871,0.392549793,-0.217663555,-0.214001859,-0.22098345,-0.001696101,-0.001538985,-0.00128707,0.55742142,0.565271101,0.611889277,1.380008646,0.305876054,0.633153316,0.823021637,0.281235973,0.598481266,1.602650165,-0.060977478,-1.443589461,-0.58236404,0
1.692658399,1.48441823,1.955193547,0.048233607,0.028827479,-0.595808055,-0.395193172,-0.217663555,-0.214001859,-0.22098345,-0.001696101,-0.001538985,-0.00128707,0.55742142,0.565271101,0.611889277,1.380008646,2.133828328,0.646437011,0.823021637,0.210568574,0.598481266,1.602650165,-0.022247519,-1.362330175,-0.199424841,0
1.389236442,1.48441823,1.55807398,-0.285923432,-1.778606687,-0.589459871,0.392549793,-0.217663555,-0.214001859,-0.22098345,-0.001696101,-0.001538985,-0.00128707,0.55742142,0.565271101,0.611889277,-1.318529236,-1.522076219,0.646437011,0.823021637,0.210568574,0.598481266,1.602650165,0.907271478,1.034818748,1.541207882,0
0.798362106,1.433710875,1.302854558,-0.440894813,0.24394541,-0.589459871,0.392549793,-0.217663555,-0.214001859,-0.22098345,-0.001696101,-0.001538985,-0.00128707,0.55742142,0.565271101,0.611889277,-1.318529236,-1.522076219,0.661196673,0.823021637,0.210568574,0.527530353,1.672415132,0.674891729,1.563004104,1.6804585,0
1.149692792,1.447232836,1.197234091,-0.293994859,-0.72186757,-0.589459871,0.392549793,-0.217663555,-0.214001859,-0.22098345,-0.001696101,-0.001538985,-0.00128707,0.55742142,0.565271101,0.611889277,0.030739705,0.305876054,0.661196673,0.823021637,0.210568574,0.527530353,1.672415132,-0.138437394,-1.077922676,-0.199424841,0
0.866232807,1.447232836,1.052012387,-0.45865195,-0.362598448,-0.589459871,0.392549793,-0.217663555,-0.214001859,-0.22098345,-0.001696101,-0.001538985,-0.00128707,0.55742142,0.565271101,0.611889277,1.380008646,0.305876054,0.646437011,0.823021637,0.210568574,0.527530353,1.735203605,-1.416526016,-0.10281125,1.471582573,0
1.345320107,1.521603624,2.135613492,-0.453809094,-0.866018761,-0.589459871,0.392549793,-0.217663555,-0.214001859,-0.22098345,-0.001696101,-0.001538985,-0.00128707,0.55742142,0.565271101,0.611889277,2.729277588,0.305876054,0.661196673,0.823021637,0.210568574,0.463029525,1.735203605,-0.138437394,-1.321700533,-0.303862804,0
1.477069114,1.460754797,1.909000686,-0.513537648,0.126406747,-0.595808055,-0.395193172,-0.217663555,-0.214001859,-0.22098345,-0.001696101,-0.001538985,-0.00128707,0.55742142,0.565271101,0.611889277,4.078546529,-1.522076219,0.661196673,0.823021637,0.210568574,0.527530353,1.811945072,-1.571445849,-0.021551964,1.576020536,0
1.628780092,1.420188913,1.448076263,-0.500623366,-0.057663236,-0.589459871,0.19561405,-0.217663555,-0.214001859,-0.22098345,-0.001696101,-0.001538985,-0.00128707,0.55742142,0.565271101,0.611889277,1.380008646,0.305876054,0.661196673,0.823021637,0.210568574,0.463029525,1.811945072,-0.177167352,-0.10281125,-1.800806946,0
0.762430558,1.383003519,1.002497964,-0.426366246,0.190720355,-0.589459871,0.19561405,-0.217663555,-0.214001859,-0.22098345,-0.001696101,-0.001538985,-0.00128707,0.55742142,0.565271101,0.598988208,-1.318529236,0.305876054,0.661196673,0.823021637,0.210568574,0.463029525,1.811945072,-1.261606183,-1.402959818,0.009451086,0
0.538856486,1.396525481,0.703248557,-0.408609109,-0.914808396,-0.589459871,0.19561405,-0.217663555,-0.214001859,-0.22098345,-0.001696101,-0.001538985,-0.00128707,0.55742142,0.565271101,0.611889277,-1.318529236,-3.350028492,0.633153316,0.823021637,0.210568574,0.463029525,1.811945072,0.752351645,0.831670534,0.601266212,0
1.129730822,1.497940192,0.995880592,-0.444123384,-0.860474485,-0.589459871,-0.001321687,-0.217663555,-0.214001859,-0.22098345,-0.001696101,-0.001538985,-0.00128707,0.55742142,0.565271101,0.611889277,1.380008646,-3.350028492,0.646437011,0.805741061,0.146325486,0.463029525,1.874733545,-0.060977478,-0.184070535,0.322764976,0
0.814331683,1.491179211,1.489866126,-0.376323404,1.194234416,-0.589459871,-0.001321687,-0.217663555,-0.214001859,-0.22098345,-0.001696101,-0.001538985,-0.00128707,0.55742142,0.565271101,0.611889277,0.030739705,-1.522076219,0.661196673,0.823021637,0.146325486,0.463029525,1.951475011,-0.990496475,-0.021551964,-0.686802003,0
0.355206354,1.403286461,0.815460647,-0.076066355,0.187393789,-0.589459871,-0.001321687,-0.217663555,-0.214001859,-0.22098345,-0.001696101,-0.001538985,-0.00128707,0.55742142,0.565271101,0.611889277,0.030739705,0.305876054,0.646437011,0.805741061,0.146325486,0.463029525,1.951475011,-0.177167352,0.506633392,-0.373488113,0
0.403115084,1.477657249,1.113628616,-0.348880556,-2.429504757,-0.589459871,-0.001321687,-0.217663555,-0.214001859,-0.22098345,-0.001696101,-0.001538985,-0.00128707,0.55742142,0.565271101,0.611889277,-1.318529236,-1.522076219,0.661196673,0.823021637,0.146325486,0.463029525,1.951475011,0.016482439,-1.037293033,-0.408300768,0
1.389236442,1.497940192,1.448076263,-0.386009116,0.634262482,-0.589459871,-0.001321687,-0.217663555,-0.214001859,-0.22098345,-0.001696101,-0.001538985,-0.00128707,0.55742142,0.565271101,0.598988208,-1.318529236,-1.522076219,0.646437011,0.805741061,0.146325486,0.463029525,1.951475011,0.907271478,0.019077679,1.506395228,0
1.009958997,1.426949894,1.239049703,-0.1148092,0.689705248,-0.589459871,-0.001321687,-0.217663555,-0.214001859,-0.22098345,-0.001696101,-0.001538985,-0.00128707,0.55742142,0.565271101,0.611889277,-1.318529236,-3.350028492,0.661196673,0.805741061,0.146325486,0.463029525,1.951475011,-0.099707436,-2.134293388,-1.626743674,0
1.025928573,1.528364605,1.52727874,-0.017952087,1.336167897,-0.589459871,-0.001321687,-0.217663555,-0.214001859,-0.22098345,-0.001696101,-0.001538985,-0.00128707,0.55742142,0.565271101,0.611889277,1.380008646,0.305876054,0.661196673,0.805741061,0.146325486,0.463029525,2.021239979,-0.951766517,2.497485887,-0.547551386,0
1.608818121,1.3897645,1.597675218,0.26616211,1.01570871,-0.602208274,-1.773743353,-0.217663555,-0.214001859,-0.22098345,-0.001696101,-0.001538985,-0.00128707,0.55742142,0.565271101,0.611889277,-1.318529236,-1.522076219,0.661196673,0.805741061,0.146325486,0.463029525,2.021239979,0.016482439,-0.062181607,-0.408300768,0
1.552924603,1.477657249,1.544890734,0.367862078,0.223986015,-0.589459871,-0.001321687,-0.217663555,-0.214001859,-0.22098345,-0.001696101,-0.001538985,-0.00128707,0.55742142,0.565271101,0.598988208,-1.318529236,0.305876054,0.661196673,0.805741061,0.146325486,0.463029525,2.021239979,1.604410726,0.222225893,-0.199424841,0
1.305396165,1.447232836,1.637276457,0.348490656,-0.455742295,-0.583059653,1.180292758,-0.217663555,-0.214001859,-0.22098345,-0.001696101,-0.001538985,-0.00128707,0.55742142,0.565271101,0.611889277,-1.318529236,0.305876054,0.661196673,0.823021637,0.146325486,0.463029525,2.021239979,-0.099707436,-2.215552673,0.079076395,0
0.642658734,1.366101067,1.080619002,0.345262086,0.046569164,-0.602208274,-1.576807616,-0.217663555,-0.214001859,-0.22098345,-0.001696101,-0.001538985,-0.00128707,0.55742142,0.565271101,0.598988208,0.030739705,-3.350028492,0.661196673,0.805741061,0.146325486,0.463029525,2.021239979,0.055212397,0.019077679,1.36714461,0
0.37117593,1.264686356,0.624046081,0.206433557,-0.813902562,-0.589459871,0.19561405,-0.217663555,-0.214001859,-0.22098345,-0.001696101,-0.001538985,-0.00128707,0.55742142,0.565271101,0.611889277,2.729277588,2.133828328,0.646437011,0.805741061,0.146325486,0.463029525,2.021239979,0.946001436,-0.062181607,1.6804585,0
0.910149142,1.460754797,0.815460647,-0.037323509,1.561265526,-0.589459871,0.19561405,-0.217663555,-0.214001859,-0.22098345,-0.001696101,-0.001538985,-0.00128707,0.55742142,0.565271101,0.598988208,2.729277588,2.133828328,0.633153316,0.805741061,0.146325486,0.404978778,2.021239979,-0.099707436,-2.174923031,-0.651989349,0
0.902164355,1.470896268,1.909000686,0.137019293,0.66309272,-0.589459871,-0.001321687,-0.217663555,-0.214001859,-0.22098345,-0.001696101,-0.001538985,-0.00128707,0.55742142,0.565271101,0.598988208,-1.318529236,-1.522076219,0.633153316,0.805741061,0.146325486,0.404978778,2.084028452,-1.300336141,0.18159625,-1.034928548,0
0.886194778,1.396525481,1.419469647,0.629376283,1.296249106,-0.589459871,-0.001321687,-0.217663555,-0.214001859,-0.22098345,-0.001696101,-0.001538985,-0.00128707,0.55742142,0.565271101,0.611889277,0.030739705,0.305876054,0.633153316,0.805741061,0.146325486,0.404978778,2.084028452,-1.300336141,0.425374106,0.462015594,0
0.962050267,1.497940192,0.925484113,0.895733343,0.768433975,-0.589459871,-0.001321687,-0.217663555,-0.214001859,-0.22098345,-0.001696101,-0.001538985,-0.00128707,0.55742142,0.565271101,0.611889277,2.729277588,0.305876054,0.633153316,0.805741061,0.146325486,0.404978778,2.084028452,-0.177167352,0.466003749,-0.234237495,0
1.497031085,1.433710875,1.487677502,0.803719086,0.510070686,-0.583059653,0.983357015,-0.217663555,-0.214001859,-0.22098345,-0.001696101,-0.001538985,-0.00128707,0.55742142,0.565271101,0.598988208,0.030739705,-3.350028492,0.633153316,0.805741061,0.146325486,0.404978778,2.084028452,1.062191311,-1.402959818,-2.148933491,0
1.32935053,1.477657249,1.759375982,0.598704864,-0.401408384,-0.589459871,-0.001321687,-0.217663555,-0.214001859,-0.22098345,-0.001696101,-0.001538985,-0.00128707,0.55742142,0.565271101,0.598988208,1.380008646,0.305876054,0.646437011,0.805741061,0.146325486,0.404978778,2.084028452,-0.060977478,-0.184070535,0.079076395,0
1.189616734,1.433710875,1.516284117,0.406604924,-1.052306454,-0.589459871,0.19561405,-0.217663555,-0.214001859,-0.22098345,-0.001696101,-0.001538985,-0.00128707,0.55742142,0.565271101,0.598988208,0.030739705,-1.522076219,0.646437011,0.805741061,0.146325486,0.404978778,2.084028452,-1.300336141,-1.321700533,-1.034928548,0
0.870225201,1.477657249,1.344644421,0.319433522,0.473478461,-0.589459871,0.19561405,-0.217663555,-0.214001859,-0.22098345,-0.001696101,-0.001538985,-0.00128707,0.55742142,0.565271101,0.598988208,-1.318529236,-3.350028492,0.661196673,0.805741061,0.146325486,0.404978778,2.084028452,-1.416526016,-0.062181607,1.471582573,0
1.269464617,1.3897645,0.980482972,0.346876371,-0.088711185,-0.589459871,0.19561405,-0.217663555,-0.214001859,-0.22098345,-0.001696101,-0.001538985,-0.00128707,0.55742142,0.565271101,0.598988208,0.030739705,0.305876054,0.661196673,0.805741061,0.088506705,0.404978778,2.160769919,-0.138437394,0.019077679,0.148701704,0
0.974027449,1.504701172,1.401857653,-0.030866369,-0.494552231,-0.589459871,0.19561405,-0.217663555,-0.214001859,-0.22098345,-0.001696101,-0.001538985,-0.00128707,0.55742142,0.565271101,0.611889277,-1.318529236,0.305876054,0.646437011,0.805741061,0.088506705,0.404978778,2.084028452,-0.215897311,-1.321700533,-1.452680402,0
1.077829698,1.440471855,1.335864172,-0.142252048,-0.917026106,-0.589459871,0.19561405,-0.217663555,-0.214001859,-0.22098345,-0.001696101,-0.001538985,-0.00128707,0.55742142,0.565271101,0.598988208,-1.318529236,-5.177980765,0.646437011,0.805741061,0.088506705,0.404978778,2.160769919,-1.300336141,1.684893032,-0.164612187,0
1.029920967,1.426949894,1.241238328,-0.502237651,-1.63112893,-0.589459871,0.19561405,-0.217663555,-0.214001859,-0.22098345,-0.001696101,-0.001538985,-0.00128707,0.55742142,0.552443492,0.598988208,0.030739705,0.305876054,0.661196673,0.805741061,0.088506705,0.404978778,2.084028452,-1.803825598,-1.240441247,-2.288184109,0
0.658628311,1.48441823,0.943096107,-0.629766182,-0.581042945,-0.595808055,-0.592128909,-0.217663555,-0.214001859,-0.22098345,-0.001696101,-0.001538985,-0.00128707,0.55742142,0.552443492,0.598988208,-1.318529236,-1.522076219,0.646437011,0.805741061,0.088506705,0.404978778,2.084028452,2.107900183,-1.240441247,1.6804585,0
1.101784063,1.477657249,1.228029332,-0.358566267,1.491407642,-0.595808055,-0.592128909,-0.217663555,-0.214001859,-0.22098345,-0.001696101,-0.001538985,-0.00128707,0.55742142,0.565271101,0.598988208,0.030739705,-1.522076219,0.646437011,0.805741061,0.088506705,0.404978778,2.084028452,-1.184146266,2.172448745,-0.164612187,0
0.938095902,1.497940192,1.437055892,-0.042166365,1.618926003,-0.589459871,0.19561405,-0.217663555,-0.214001859,-0.22098345,-0.001696101,-0.001538985,-0.00128707,0.55742142,0.565271101,0.598988208,-2.667798178,-3.350028492,0.646437011,0.805741061,0.088506705,0.404978778,2.084028452,0.519971896,0.384744464,-0.129799532,0
0.674597887,1.453993817,1.443673264,0.0708336,-1.078918982,-0.589459871,0.19561405,-0.217663555,-0.214001859,-0.22098345,-0.001696101,-0.001538985,-0.00128707,0.55742142,0.552443492,0.598988208,1.380008646,0.305876054,0.633153316,0.805741061,0.088506705,0.404978778,2.084028452,-1.300336141,-1.199811604,1.645645845,0
1.02193618,1.470896268,1.364445041,-0.103509204,-0.379231278,-0.583059653,0.983357015,-0.217663555,-0.214001859,-0.22098345,-0.001696101,-0.001538985,-0.00128707,0.55742142,0.565271101,0.598988208,-1.318529236,-3.350028492,0.646437011,0.805741061,0.088506705,0.404978778,2.160769919,0.055212397,0.059707322,-0.860865276,0
1.301403771,1.497940192,1.421658273,-0.050237791,0.327109559,-0.589459871,-0.001321687,-0.217663555,-0.214001859,-0.22098345,-0.001696101,-0.001538985,-0.00128707,0.55742142,0.552443492,0.598988208,-1.318529236,-3.350028492,0.646437011,0.805741061,0.088506705,0.404978778,2.084028452,-1.300336141,0.425374106,-0.129799532,0
1.353304895,1.3897645,1.395266029,-0.011494946,0.369246061,-0.595808055,-0.789064651,-0.217663555,-0.214001859,-0.22098345,-0.001696101,-0.001538985,-0.00128707,0.55742142,0.565271101,0.598988208,-1.318529236,0.305876054,0.633153316,0.805741061,0.088506705,0.34047795,2.160769919,-1.261606183,-1.362330175,-1.000115894,0
0.986004632,1.420188913,0.921081114,0.032090754,-0.024397576,-0.595808055,-0.592128909,-0.217663555,-0.214001859,-0.22098345,-0.001696101,-0.001538985,-0.00128707,0.55742142,0.552443492,0.598988208,-1.318529236,0.305876054,0.646437011,0.805741061,0.088506705,0.34047795,2.160769919,0.287592147,-0.062181607,-1.174179166,0
1.049882939,1.491179211,1.241238328,-0.147094904,-1.006843387,-0.589459871,-0.001321687,-0.217663555,-0.214001859,-0.22098345,-0.001696101,-0.001538985,-0.00128707,0.55742142,0.565271101,0.598988208,-1.318529236,-3.350028492,0.646437011,0.805741061,0.088506705,0.34047795,2.084028452,-1.145416308,-1.199811604,1.436769919,0
1.153685187,1.3897645,1.206040088,-0.072837784,-0.493443375,-0.589459871,0.19561405,-0.217663555,-0.214001859,-0.22098345,-0.001696101,-0.001538985,-0.00128707,0.55742142,0.565271101,0.598988208,-1.318529236,-1.522076219,0.661196673,0.805741061,0.088506705,0.34047795,2.160769919,-1.222876225,-1.159181961,1.297519301,0
0.942088296,1.470896268,1.344644421,-0.164852041,0.382552325,-0.589459871,0.19561405,-0.217663555,-0.214001859,-0.22098345,-0.001696101,-0.001538985,-0.00128707,0.55742142,0.552443492,0.598988208,-4.017067119,-3.350028492,0.646437011,0.805741061,0.088506705,0.34047795,2.160769919,0.016482439,-0.184070535,-0.26905015,0
1.477069114,1.521603624,1.825395212,-0.361794837,-0.997972544,-0.589459871,-0.001321687,-0.217663555,-0.214001859,-0.22098345,-0.001696101,-0.001538985,-0.00128707,0.55742142,0.565271101,0.598988208,0.030739705,0.305876054,0.633153316,0.805741061,0.088506705,0.275977118,2.160769919,-1.377796057,-0.062181607,-0.129799532,0
1.465091932,1.477657249,1.838578458,-0.389237686,-0.331550499,-0.589459871,-0.001321687,-0.217663555,-0.214001859,-0.22098345,-0.001696101,-0.001538985,-0.00128707,0.55742142,0.565271101,0.598988208,-1.318529236,2.133828328,0.646437011,0.805741061,0.088506705,0.275977118,2.084028452,-0.951766517,-0.427848392,-1.557118365,0
1.405206019,1.403286461,1.322655178,-0.158394901,-0.211794125,-0.589459871,-0.001321687,-0.217663555,-0.214001859,-0.22098345,-0.001696101,-0.001538985,-0.00128707,0.55742142,0.552443492,0.598988208,0.030739705,0.305876054,0.661196673,0.805741061,0.088506705,0.275977118,2.084028452,-0.022247519,-1.402959818,-0.234237495,0
0.626689157,1.48441823,0.960682353,-0.23265202,-1.183151382,-0.595808055,-0.789064651,-0.217663555,-0.214001859,-0.22098345,-0.001696101,-0.001538985,-0.00128707,0.55742142,0.552443492,0.598988208,0.030739705,0.305876054,0.646437011,0.805741061,0.088506705,0.275977118,2.160769919,-0.913036559,-0.143440892,1.332331955,0
1.08980688,1.521603624,1.375465411,-0.263323439,0.444648222,-0.589459871,-0.001321687,-0.217663555,-0.214001859,-0.22098345,-0.001696101,-0.001538985,-0.00128707,0.55742142,0.565271101,0.598988208,0.030739705,-1.522076219,0.646437011,0.805741061,0.088506705,0.275977118,2.084028452,-0.060977478,-1.362330175,-1.000115894,0
1.077829698,1.460754797,1.487677502,-0.213280598,-0.195161295,-0.589459871,-0.001321687,-0.217663555,-0.214001859,-0.22098345,-0.001696101,-0.001538985,-0.00128707,0.55742142,0.565271101,0.598988208,1.380008646,0.305876054,0.633153316,0.805741061,0.024263617,0.275977118,2.084028452,-0.099707436,0.019077679,-1.591931019,0
0.930111114,1.470896268,1.126837612,-0.468337661,0.0332629,-0.589459871,-0.001321687,-0.217663555,-0.214001859,-0.22098345,-0.001696101,-0.001538985,-0.00128707,0.55742142,0.565271101,0.598988208,-1.318529236,0.305876054,0.633153316,0.805741061,0.024263617,0.275977118,2.084028452,-3.004454303,-1.199811604,-0.756427312,0
1.213571099,1.497940192,1.448076263,-0.481251943,-0.147480516,-0.589459871,-0.001321687,-0.217663555,-0.214001859,-0.22098345,-0.001696101,-0.001538985,-0.00128707,0.55742142,0.565271101,0.598988208,2.729277588,2.133828328,0.633153316,0.805741061,0.024263617,0.275977118,2.084028452,-0.835576642,-1.240441247,-0.234237495,0
1.608818121,1.416808422,1.69008669,-0.313366281,0.48789358,-0.589459871,-0.001321687,-0.217663555,-0.214001859,-0.22098345,-0.001696101,-0.001538985,-0.00128707,0.55742142,0.565271101,0.598988208,0.030739705,0.305876054,0.646437011,0.805741061,0.024263617,0.275977118,2.084028452,0.016482439,-1.321700533,-0.547551386,0
0.958057873,1.416808422,1.210443087,-0.221352024,-0.80724943,-0.589459871,-0.001321687,-0.217663555,-0.214001859,-0.22098345,-0.001696101,-0.001538985,-0.00128707,0.55742142,0.552443492,0.598988208,1.380008646,-3.350028492,0.646437011,0.805741061,0.024263617,0.275977118,2.084028452,0.442511979,0.019077679,0.35757763,0
0.694559858,1.447232836,0.795660029,-0.231037735,-0.252821771,-0.589459871,-0.001321687,-0.217663555,-0.214001859,-0.22098345,-0.001696101,-0.001538985,-0.00128707,0.542527958,0.552443492,0.598988208,0.030739705,-1.522076219,0.646437011,0.805741061,0.024263617,0.275977118,2.084028452,0.287592147,0.953559462,1.576020536,0
0.403115084,1.447232836,0.958493728,-0.37793769,0.341524678,-0.589459871,-0.001321687,-0.217663555,-0.214001859,-0.22098345,-0.001696101,-0.001538985,-0.00128707,0.55742142,0.565271101,0.598988208,1.380008646,0.305876054,0.646437011,0.805741061,0.024263617,0.275977118,2.084028452,-1.261606183,-1.321700533,-1.000115894,0
0.974027449,1.426949894,1.324843802,-0.373094834,-0.518947047,-0.589459871,-0.001321687,-0.217663555,-0.214001859,-0.22098345,-0.001696101,-0.001538985,-0.00128707,0.542527958,0.552443492,0.598988208,0.030739705,0.305876054,0.633153316,0.805741061,0.024263617,0.275977118,2.084028452,-0.060977478,1.116078033,-1.034928548,0
0.642658734,1.470896268,1.474468506,-0.218123454,0.444648222,-0.589459871,-0.001321687,-0.217663555,-0.214001859,-0.22098345,-0.001696101,-0.001538985,-0.00128707,0.542527958,0.552443492,0.598988208,1.380008646,0.305876054,0.633153316,0.788460486,0.024263617,0.275977118,2.084028452,0.791081604,0.059707322,-0.547551386,0
0.774407741,1.491179211,1.52727874,-0.345651985,-0.681948779,-0.589459871,0.19561405,-0.217663555,-0.214001859,-0.22098345,-0.001696101,-0.001538985,-0.00128707,0.542527958,0.552443492,0.598988208,1.380008646,-3.350028492,0.633153316,0.788460486,0.024263617,0.275977118,2.021239979,-0.44827706,0.669151963,1.715271154,0
1.544939815,1.460754797,1.621878836,-0.531294784,-0.489007953,-0.589459871,-0.001321687,-0.217663555,-0.214001859,-0.22098345,-0.001696101,-0.001538985,-0.00128707,0.542527958,0.552443492,0.598988208,1.380008646,0.305876054,0.633153316,0.788460486,0.024263617,0.275977118,2.021239979,-1.261606183,-1.443589461,-0.025361569,0
1.305396165,1.3897645,1.197234091,-0.331123419,0.770651686,-0.583059653,1.180292758,-0.217663555,-0.214001859,-0.22098345,-0.001696101,-0.001538985,-0.00128707,0.542527958,0.552443492,0.598988208,2.729277588,-1.522076219,0.633153316,0.805741061,0.024263617,0.275977118,2.021239979,0.597431812,0.709781606,-1.278617129,0
0.694559858,1.497940192,1.10482262,-0.118037771,-0.909264119,-0.589459871,-0.001321687,-0.217663555,-0.214001859,-0.22098345,-0.001696101,-0.001538985,-0.00128707,0.55742142,0.552443492,0.598988208,2.729277588,0.305876054,0.633153316,0.788460486,0.024263617,0.275977118,2.021239979,0.055212397,-1.199811604,-0.129799532,0
1.71262037,1.491179211,1.684576504,-0.205209171,0.969136787,-0.595808055,-0.592128909,-0.217663555,-0.214001859,-0.22098345,-0.001696101,-0.001538985,-0.00128707,0.55742142,0.565271101,0.598988208,-1.318529236,0.305876054,0.646437011,0.805741061,0.024263617,0.275977118,2.021239979,-1.300336141,0.669151963,-1.800806946,0
1.125738427,1.460754797,1.741789736,0.1144193,1.220846944,-0.589459871,0.19561405,-0.217663555,-0.214001859,-0.22098345,-0.001696101,-0.001538985,-0.00128707,0.542527958,0.552443492,0.598988208,0.030739705,0.305876054,0.646437011,0.788460486,0.024263617,0.275977118,2.021239979,-1.377796057,-1.443589461,-0.547551386,0
1.125738427,1.440471855,1.210443087,0.332347804,0.04989573,-0.595808055,-0.789064651,-0.217663555,-0.214001859,-0.22098345,-0.001696101,-0.001538985,-0.00128707,0.55742142,0.552443492,0.598988208,-1.318529236,2.133828328,0.661196673,0.788460486,0.024263617,0.205026205,2.021239979,-0.022247519,-1.077922676,-1.034928548,0
1.129730822,1.460754797,1.650485451,0.232262121,-0.322679657,-0.589459871,0.19561405,-0.217663555,-0.214001859,-0.22098345,-0.001696101,-0.001538985,-0.00128707,0.542527958,0.552443492,0.598988208,1.380008646,0.305876054,0.661196673,0.788460486,-0.039979475,0.205026205,2.021239979,0.132672314,0.019077679,-1.278617129,0
1.52098545,1.460754797,1.776987977,0.25970497,0.894843481,-0.595808055,-0.592128909,-0.217663555,-0.214001859,-0.22098345,-0.001696101,-0.001538985,-0.00128707,0.542527958,0.552443492,0.598988208,1.380008646,-1.522076219,0.646437011,0.788460486,-0.039979475,0.205026205,2.021239979,0.055212397,-2.174923031,-1.034928548,0
1.481061508,1.403286461,1.122434613,0.095047878,-0.341530196,-0.589459871,0.19561405,-0.217663555,-0.214001859,-0.22098345,-0.001696101,-0.001538985,-0.00128707,0.542527958,0.552443492,0.598988208,-1.318529236,-1.522076219,0.646437011,0.805741061,-0.039979475,0.205026205,2.021239979,0.287592147,-0.062181607,-0.234237495,0
0.622696763,1.48441823,1.364445041,-0.245566302,-1.260771254,-0.583059653,1.180292758,-0.217663555,-0.214001859,-0.22098345,-0.001696101,-0.001538985,-0.00128707,0.542527958,0.552443492,0.598988208,-1.318529236,-5.177980765,0.646437011,0.788460486,-0.039979475,0.205026205,2.021239979,1.255841102,-1.118552319,-0.617176695,0
0.910149142,1.460754797,1.29845156,-0.302066285,-0.260583759,-0.589459871,0.19561405,-0.217663555,-0.214001859,-0.22098345,-0.001696101,-0.001538985,-0.00128707,0.542527958,0.552443492,0.598988208,1.380008646,-1.522076219,0.646437011,0.788460486,-0.039979475,0.205026205,2.021239979,-1.222876225,0.587892677,0.183514358,0
1.453114749,1.497940192,1.415066649,-0.184223464,0.410273708,-0.589459871,-0.001321687,-0.217663555,-0.214001859,-0.22098345,-0.001696101,-0.001538985,-0.00128707,0.542527958,0.552443492,0.598988208,-1.318529236,0.305876054,0.646437011,0.788460486,-0.039979475,0.205026205,2.021239979,-0.913036559,-1.362330175,-0.89567793,0
1.057867726,1.511462153,1.514069744,-0.353723411,-0.390319831,-0.595808055,-0.789064651,-0.217663555,-0.214001859,-0.22098345,-0.001696101,-0.001538985,-0.00128707,0.542527958,0.552443492,0.584653687,-1.318529236,3.9617806,0.646437011,0.788460486,-0.039979475,0.205026205,2.021239979,0.713621687,-1.402959818,1.541207882,0
1.361289683,1.403286461,1.221437708,-0.348880556,0.983551906,-0.589459871,-0.001321687,-0.217663555,-0.214001859,-0.22098345,-0.001696101,-0.001538985,-0.00128707,0.542527958,0.552443492,0.598988208,-1.318529236,0.305876054,0.633153316,0.805741061,-0.039979475,0.205026205,2.021239979,-1.300336141,-0.021551964,1.715271154,0
1.001974208,1.420188913,0.896877497,-0.206823457,-1.043435612,-0.602208274,-1.773743353,-0.217663555,-0.214001859,-0.22098345,-0.001696101,-0.001538985,-0.00128707,0.542527958,0.552443492,0.598988208,0.030739705,3.9617806,0.646437011,0.788460486,-0.039979475,0.205026205,1.951475011,-0.099707436,0.953559462,-0.199424841,0
0.439046631,1.497940192,0.883668502,-0.524837644,-0.472375124,-0.589459871,0.19561405,-0.217663555,-0.214001859,-0.22098345,-0.001696101,-0.001538985,-0.00128707,0.542527958,0.552443492,0.584653687,1.380008646,2.133828328,0.633153316,0.788460486,-0.039979475,0.140525377,1.951475011,1.100921269,-1.362330175,-0.617176695,0
1.796460647,1.535125586,2.076211635,-0.49578051,0.566622307,-0.583059653,0.983357015,-0.217663555,-0.214001859,-0.22098345,-0.001696101,-0.001538985,-0.00128707,0.542527958,0.552443492,0.584653687,1.380008646,-3.350028492,0.633153316,0.788460486,-0.039979475,0.140525377,1.951475011,-1.377796057,0.059707322,-0.199424841,0
1.18562434,1.352579106,1.274247942,-0.521609074,-0.879325025,-0.589459871,-0.001321687,-0.217663555,-0.214001859,-0.22098345,-0.001696101,-0.001538985,-0.00128707,0.542527958,0.552443492,0.598988208,0.030739705,-1.522076219,0.633153316,0.788460486,-0.039979475,0.140525377,1.951475011,-1.300336141,0.019077679,1.332331955,0
0.914141537,1.426949894,1.456856512,-0.804108986,-1.52467882,-0.583059653,0.983357015,-0.217663555,-0.214001859,-0.22098345,-0.001696101,-0.001538985,-0.00128707,0.542527958,0.552443492,0.598988208,1.380008646,0.305876054,0.646437011,0.788460486,-0.039979475,0.140525377,1.951475011,0.442511979,-1.849885888,1.645645845,0
0.68657507,1.416808422,0.987100344,-0.757294714,0.145257287,-0.589459871,-0.001321687,-0.217663555,-0.214001859,-0.22098345,-0.001696101,-0.001538985,-0.00128707,0.542527958,0.552443492,0.598988208,-1.318529236,-1.522076219,0.646437011,0.788460486,-0.039979475,0.140525377,1.951475011,0.519971896,-0.10281125,1.854521772,0
0.698552252,1.48441823,1.000283591,-0.550666207,-0.400299528,-0.583059653,0.983357015,-0.217663555,-0.214001859,-0.22098345,-0.001696101,-0.001538985,-0.00128707,0.542527958,0.552443492,0.598988208,-1.318529236,-1.522076219,0.646437011,0.788460486,-0.039979475,0.140525377,1.951475011,-1.222876225,0.100336964,-0.094986878,0
1.413190808,1.48441823,1.615287212,-0.518380503,0.904823179,-0.602208274,-1.773743353,-0.217663555,-0.214001859,-0.22098345,-0.001696101,-0.001538985,-0.00128707,0.542527958,0.552443492,0.598988208,-1.318529236,2.133828328,0.646437011,0.805741061,-0.039979475,0.140525377,1.951475011,0.403782021,-1.321700533,1.889334427,0
0.974027449,1.460754797,1.820992213,-0.395694826,-1.587883573,-0.589459871,-0.001321687,-0.217663555,-0.214001859,-0.22098345,-0.001696101,-0.001538985,-0.00128707,0.542527958,0.552443492,0.598988208,1.380008646,0.305876054,0.661196673,0.788460486,-0.039979475,0.140525377,1.951475011,-1.339066099,0.18159625,-0.234237495,0
1.225548282,1.376242538,1.340267171,-0.779894707,-1.956023537,-0.589459871,-0.001321687,-0.217663555,-0.214001859,-0.22098345,-0.001696101,-0.001538985,-0.00128707,0.542527958,0.552443492,0.584653687,-1.318529236,-5.177980765,0.661196673,0.788460486,-0.039979475,0.140525377,1.951475011,0.829811562,0.669151963,-1.940057564,0
0.826308865,1.396525481,0.701059932,-0.95100894,-1.05563302,-0.595808055,-0.789064651,-0.217663555,-0.214001859,-0.22098345,-0.001696101,-0.001538985,-0.00128707,0.542527958,0.552443492,0.584653687,0.030739705,-3.350028492,0.646437011,0.788460486,-0.039979475,0.140525377,1.951475011,0.093942355,-1.28107089,-0.965303239,0
0.638666339,1.585832941,1.289645563,-1.143108881,-2.406218796,-0.589459871,-0.001321687,-0.217663555,-0.214001859,-0.22098345,-0.001696101,-0.001538985,-0.00128707,0.542527958,0.552443492,0.598988208,-1.318529236,-3.350028492,0.646437011,0.788460486,-0.039979475,0.140525377,1.951475011,0.442511979,-0.305959463,1.889334427,0
1.768513888,1.477657249,1.661480074,-1.299694545,0.076508258,-0.583059653,0.983357015,-0.217663555,-0.214001859,-0.22098345,-0.001696101,-0.001538985,-0.00128707,0.542527958,0.552443492,0.598988208,-1.318529236,-1.522076219,0.633153316,0.788460486,-0.039979475,0.140525377,1.874733545,-0.564466935,0.709781606,0.04426374,0
0.626689157,1.396525481,1.034426141,-1.228665996,-1.05341531,-0.595808055,-0.789064651,-0.217663555,-0.214001859,-0.22098345,-0.001696101,-0.001538985,-0.00128707,0.542527958,0.552443492,0.584653687,1.380008646,0.305876054,0.633153316,0.788460486,-0.039979475,0.140525377,1.874733545,0.86854152,-1.28107089,1.541207882,0
1.08980688,1.535125586,1.580088973,-1.051094623,-0.090928895,-0.595808055,-0.789064651,-0.217663555,-0.214001859,-0.22098345,-0.001696101,-0.001538985,-0.00128707,0.542527958,0.552443492,0.584653687,-1.318529236,0.305876054,0.633153316,0.788460486,-0.039979475,0.140525377,1.874733545,0.132672314,0.100336964,0.322764976,0
1.189616734,1.426949894,1.522875741,-0.839623261,-0.260583759,-0.589459871,-0.001321687,-0.217663555,-0.214001859,-0.22098345,-0.001696101,-0.001538985,-0.00128707,0.542527958,0.552443492,0.584653687,-1.318529236,0.305876054,0.633153316,0.788460486,-0.039979475,0.08247463,1.874733545,-0.099707436,-0.712255891,-0.338675459,0
0.838286048,1.440471855,1.20163709,-0.686266165,0.656439588,-0.595808055,-0.592128909,-0.217663555,-0.214001859,-0.22098345,-0.001696101,-0.001538985,-0.00128707,0.542527958,0.552443492,0.584653687,-1.318529236,3.9617806,0.633153316,0.788460486,-0.039979475,0.08247463,1.811945072,-1.339066099,-1.362330175,-1.383055093,0
1.073837304,1.433710875,1.124623238,-0.694337591,-0.190725873,-0.589459871,0.19561405,-0.217663555,-0.214001859,-0.22098345,-0.001696101,-0.001538985,-0.00128707,0.542527958,0.552443492,0.584653687,-1.318529236,0.305876054,0.633153316,0.788460486,-0.039979475,0.08247463,1.811945072,-0.44827706,0.750411249,1.645645845,0
1.42516799,1.48441823,1.663694447,-0.555509063,-0.180746176,-0.589459871,0.19561405,-0.217663555,-0.214001859,-0.22098345,-0.001696101,-0.001538985,-0.00128707,0.542527958,0.552443492,0.584653687,1.380008646,0.305876054,0.633153316,0.788460486,-0.110646874,0.08247463,1.811945072,0.558701854,-1.362330175,-0.930490585,0
1.093799274,1.440471855,1.261038947,-0.634609039,-1.438188105,-0.589459871,0.19561405,-0.217663555,-0.214001859,-0.22098345,-0.001696101,-0.001538985,-0.00128707,0.542527958,0.552443492,0.584653687,-1.318529236,-3.350028492,0.633153316,0.788460486,-0.110646874,0.08247463,1.811945072,-0.758116726,-1.321700533,1.05383072,0
1.449122354,1.420188913,1.974994167,-0.605551905,-0.864909906,-0.589459871,0.19561405,-0.217663555,-0.214001859,-0.22098345,-0.001696101,-0.001538985,-0.00128707,0.542527958,0.552443492,0.584653687,-1.318529236,0.305876054,0.633153316,0.788460486,-0.110646874,0.08247463,1.811945072,-1.184146266,0.425374106,0.949392756,0
1.92421726,1.511462153,2.474464137,-0.878366105,-0.752915519,-0.595808055,-0.592128909,-0.217663555,-0.214001859,-0.22098345,-0.001696101,-0.001538985,-0.00128707,0.542527958,0.552443492,0.584653687,1.380008646,2.133828328,0.646437011,0.788460486,-0.039979475,0.08247463,1.811945072,0.597431812,0.100336964,-0.547551386,0
1.748551917,1.460754797,2.261034578,-0.867066109,0.067637415,-0.583059653,0.983357015,-0.217663555,-0.214001859,-0.22098345,-0.001696101,-0.001538985,-0.00128707,0.542527958,0.552443492,0.584653687,-1.318529236,0.305876054,0.646437011,0.788460486,-0.110646874,0.08247463,1.811945072,-1.10668635,-1.321700533,-0.164612187,0
1.453114749,1.403286461,1.531681738,-0.65075189,-0.830535391,-0.589459871,-0.001321687,-0.217663555,-0.214001859,-0.22098345,-0.001696101,-0.001538985,-0.00128707,0.542527958,0.552443492,0.584653687,0.030739705,2.133828328,0.661196673,0.788460486,-0.110646874,0.08247463,1.811945072,1.681870643,0.709781606,-0.443113422,0
1.097791668,1.426949894,1.188428094,-0.452194809,0.652004167,-0.589459871,-0.001321687,-0.217663555,-0.214001859,-0.22098345,-0.001696101,-0.001538985,-0.00128707,0.542527958,0.552443492,0.584653687,0.030739705,-1.522076219,0.646437011,0.788460486,-0.110646874,0.08247463,1.811945072,0.442511979,-1.402959818,-0.686802003,0
-0.255629953,-1.017144645,-0.899288408,1.462347452,1.481427943,-0.595808055,1.180292758,-0.054829958,-0.001796876,-0.051723931,-0.001696101,-0.001538985,-0.00128707,0.528988448,0.579524,0.540216672,2.729277588,-1.522076219,1.002144862,0.460129552,1.05215305,0.662982098,-1.18794861,1.410760935,1.35985589,-0.756427312,1
-0.750686829,-1.017144645,-0.905880031,1.260561801,0.304932452,-0.595808055,1.180292758,-0.054829958,-0.001796876,-0.051723931,-0.001696101,-0.001538985,-0.00128707,0.528988448,0.579524,0.554551193,1.380008646,0.305876054,1.002144862,0.460129552,1.05215305,0.662982098,-1.18794861,1.333301019,1.116078033,-2.566685344,1
-0.515135573,-1.003622684,-0.883890787,1.155633262,0.659766154,-0.589459871,1.968035717,-0.054829958,-0.001796876,-0.051723931,-0.001696101,-0.001538985,-0.00128707,0.528988448,0.579524,0.540216672,-1.318529236,2.133828328,0.972625538,0.460129552,1.05215305,0.662982098,-1.125160136,-0.680656809,0.140966607,-0.443113422,1
0.199502982,-0.996861703,-0.881676414,1.029719016,0.337089257,-0.595808055,0.983357015,-0.054829958,-0.001796876,-0.051723931,-0.001696101,-0.001538985,-0.00128707,0.528988448,0.579524,0.540216672,-1.318529236,3.9617806,0.972625538,0.442848977,1.05215305,0.598481266,-1.125160136,-0.177167352,-1.321700533,1.576020536,1
0.195510587,-1.023905626,-0.85968717,0.764976241,1.238588629,-0.595808055,0.786421272,-0.054829958,-0.001796876,-0.051723931,-0.001696101,-0.001538985,-0.00128707,0.528988448,0.579524,0.540216672,-2.667798178,0.305876054,0.985909234,0.460129552,1.05215305,0.598481266,-1.125160136,1.565680768,-0.834144819,-0.060174223,1
-0.171789675,-1.023905626,-0.903691406,0.955461896,1.819628815,-0.602208274,-0.001321687,-0.054829958,-0.001796876,-0.051723931,-0.001696101,-0.001538985,-0.00128707,0.528988448,0.579524,0.540216672,-1.318529236,0.305876054,1.002144862,0.442848977,1.05215305,0.598481266,-1.125160136,-0.951766517,-0.305959463,-0.721614658,1
0.027830033,-1.017144645,-0.901477033,1.29446179,1.386066386,-0.602208274,-0.001321687,-0.054829958,-0.001796876,-0.051723931,-0.001696101,-0.001538985,-0.00128707,0.528988448,0.579524,0.540216672,-4.017067119,0.305876054,1.015428558,0.460129552,1.05215305,0.598481266,-1.055395164,-0.951766517,1.35985589,1.297519301,1
-0.095934186,-1.017144645,-0.879487788,1.572118847,2.610242656,-0.602208274,-0.001321687,-0.054829958,-0.001796876,-0.051723931,-0.001696101,-0.001538985,-0.00128707,0.528988448,0.579524,0.540216672,-1.318529236,0.305876054,1.015428558,0.460129552,1.05215305,0.598481266,-1.055395164,-1.997475389,0.303485178,0.218327012,1
-0.419318113,-1.023905626,-0.932298022,1.819104485,1.254112604,-0.602208274,-0.001321687,-0.054829958,-0.001796876,-0.051723931,-0.001696101,-0.001538985,-0.00128707,0.528988448,0.579524,0.540216672,-1.318529236,-1.522076219,1.03018822,0.460129552,1.05215305,0.598481266,-0.978653698,-2.036205347,-0.427848392,0.705704175,1
-0.523120362,-0.973198271,-0.912471655,1.828790196,1.216411523,-0.602208274,-0.001321687,-0.054829958,-0.001796876,-0.051723931,-0.001696101,-0.001538985,-0.00128707,0.528988448,0.579524,0.540216672,0.030739705,-1.522076219,1.03018822,0.460129552,0.987909958,0.598481266,-0.978653698,-0.138437394,-0.021551964,1.401957264,1
-0.527112756,-1.003622684,-0.91028303,1.962775869,1.627796846,-0.595808055,0.589485535,-0.054829958,-0.001796876,-0.051723931,-0.001696101,-0.001538985,-0.00128707,0.528988448,0.579524,0.540216672,0.030739705,-1.522076219,1.03018822,0.460129552,0.987909958,0.598481266,-0.90888873,1.798060518,-0.184070535,-1.000115894,1
-0.523120362,-0.979959251,-0.91028303,1.982147291,2.090189513,-0.602208274,-0.198257429,-0.054829958,-0.001796876,-0.051723931,-0.001696101,-0.001538985,-0.00128707,0.528988448,0.579524,0.540216672,0.030739705,-1.522076219,1.03018822,0.460129552,0.92366687,0.527530353,-0.90888873,-0.099707436,0.425374106,-0.826052621,1
-0.323500653,-1.017144645,-0.886079412,2.221061502,1.139900507,-0.602208274,-0.198257429,-0.054829958,-0.001796876,-0.051723931,-0.001696101,-0.001538985,-0.00128707,0.528988448,0.579524,0.540216672,1.380008646,0.305876054,1.03018822,0.460129552,0.92366687,0.527530353,-0.839123763,-0.409547102,-0.346589106,-0.373488113,1
-0.195744041,-1.010383665,-0.870681792,2.038647274,1.515802459,-0.602208274,-0.198257429,-0.054829958,-0.001796876,-0.051723931,-0.001696101,-0.001538985,-0.00128707,0.528988448,0.565271101,0.540216672,2.729277588,-1.522076219,1.03018822,0.460129552,0.92366687,0.527530353,-0.839123763,1.604410726,-0.956033748,-0.094986878,1
0.311290018,-0.993481213,-0.881676414,2.096761542,2.042508734,-0.602208274,-0.198257429,-0.054829958,-0.001796876,-0.051723931,-0.001696101,-0.001538985,-0.00128707,0.528988448,0.565271101,0.540216672,1.380008646,0.305876054,1.03018822,0.460129552,0.92366687,0.527530353,-0.77633529,0.403782021,-0.468478034,-1.104553857,1
-0.191751646,-1.023905626,-0.901477033,2.238818639,1.482536799,-0.602208274,-0.198257429,-0.054829958,-0.001796876,-0.051723931,-0.001696101,-0.001538985,-0.00128707,0.528988448,0.565271101,0.540216672,2.729277588,2.133828328,1.015428558,0.442848977,0.92366687,0.463029525,-0.77633529,-0.680656809,-0.712255891,0.392390285,1
-0.044033062,-0.993481213,-0.870681792,2.253347206,1.053409792,-0.602208274,-0.198257429,-0.054829958,-0.001796876,-0.051723931,-0.001696101,-0.001538985,-0.00128707,0.528988448,0.579524,0.540216672,4.078546529,0.305876054,1.015428558,0.460129552,0.92366687,0.463029525,-0.77633529,1.255841102,-0.834144819,-0.26905015,1
-0.467226844,-1.003622684,-0.91028303,2.004747284,1.074478043,-0.602208274,-0.198257429,-0.054829958,-0.001796876,-0.051723931,-0.001696101,-0.001538985,-0.00128707,0.515448937,0.565271101,0.540216672,0.030739705,0.305876054,1.002144862,0.460129552,0.92366687,0.463029525,-0.706570318,1.681870643,0.994189105,-0.199424841,1
-0.235667982,-1.023905626,-0.903691406,1.970847294,1.236370919,-0.595808055,0.392549793,-0.054829958,-0.001796876,-0.051723931,-0.001696101,-0.001538985,-0.00128707,0.515448937,0.565271101,0.540216672,1.380008646,0.305876054,1.002144862,0.460129552,0.852999471,0.463029525,-0.629828856,-0.254627269,-0.346589106,1.471582573,1
-0.527112756,-1.017144645,-0.914686029,1.988604432,1.429311744,-0.583059653,2.361907202,-0.054829958,-0.001796876,-0.051723931,-0.001696101,-0.001538985,-0.00128707,0.528988448,0.565271101,0.540216672,-1.318529236,0.305876054,1.03018822,0.442848977,0.852999471,0.463029525,-0.629828856,-0.215897311,1.481744818,-0.721614658,1
-0.547074727,-1.017144645,-0.919089027,2.017661566,1.57235408,-0.595808055,0.19561405,-0.054829958,-0.001796876,-0.051723931,-0.001696101,-0.001538985,-0.00128707,0.515448937,0.565271101,0.540216672,-1.318529236,0.305876054,1.03018822,0.442848977,0.852999471,0.463029525,-0.629828856,-2.539694804,-0.956033748,-0.025361569,1
-0.902397807,-1.017144645,-0.945481269,2.371190027,2.701168791,-0.602208274,-0.789064651,-0.054829958,-0.001796876,-0.051723931,-0.001696101,-0.001538985,-0.00128707,0.515448937,0.565271101,0.540216672,0.030739705,0.305876054,1.03018822,0.442848977,0.852999471,0.463029525,-0.560063884,0.442511979,-1.159181961,-0.129799532,1
-0.590991062,-1.010383665,-0.912471655,2.395404305,0.962483655,-0.653410025,-6.894072616,-0.054829958,-0.001796876,-0.051723931,-0.001696101,-0.001538985,-0.00128707,0.515448937,0.565271101,0.540216672,0.030739705,-1.522076219,1.03018822,0.460129552,0.852999471,0.404978778,-0.490298916,-0.370817143,-0.265329821,1.436769919,1
-0.606960639,-1.003622684,-0.903691406,1.819104485,-1.460365211,-0.666210463,-7.091008353,-0.054829958,-0.001796876,-0.051723931,-0.001696101,-0.001538985,-0.00128707,0.515448937,0.565271101,0.540216672,0.030739705,-3.350028492,1.03018822,0.442848977,0.852999471,0.404978778,-0.490298916,1.643140685,0.466003749,1.193081337,1
-0.399356143,-1.010383665,-0.890482411,1.013576164,-1.204219633,-0.666210463,-5.318586686,-0.054829958,-0.001796876,-0.051723931,-0.001696101,-0.001538985,-0.00128707,0.515448937,0.565271101,0.527315603,1.380008646,-5.177980765,1.03018822,0.460129552,0.788756383,0.404978778,-0.490298916,-0.8743066,-0.346589106,-0.129799532,1
-0.371409384,-0.979959251,-0.890482411,0.630990568,-0.011091312,-0.666210463,-3.940036505,-0.054829958,-0.001796876,-0.051723931,-0.001696101,-0.001538985,-0.00128707,0.515448937,0.565271101,0.540216672,-1.318529236,-5.177980765,1.03018822,0.460129552,0.788756383,0.404978778,-0.427510443,-0.8743066,1.116078033,-0.129799532,1
-0.399356143,-1.003622684,-0.879487788,0.251633543,-1.386071905,-0.666210463,-3.15229354,-0.054829958,-0.001796876,-0.051723931,-0.001696101,-0.001538985,-0.00128707,0.515448937,0.565271101,0.527315603,-1.318529236,-1.522076219,1.03018822,0.460129552,0.788756383,0.404978778,-0.427510443,-1.455255974,1.156707676,-0.547551386,1
-0.351447412,-0.996861703,-0.881676414,0.065990744,0.259469385,-0.666210463,-2.364550575,-0.054829958,-0.001796876,-0.051723931,-0.001696101,-0.001538985,-0.00128707,0.515448937,0.565271101,0.527315603,-1.318529236,2.133828328,1.03018822,0.460129552,0.788756383,0.404978778,-0.357745475,-0.254627269,-0.874774462,-1.000115894,1
-0.315515866,-0.96643729,-0.888268037,-0.066380643,-1.475889185,-0.666210463,-1.773743353,-0.054829958,-0.001796876,-0.051723931,-0.001696101,-0.001538985,-0.00128707,0.515448937,0.565271101,0.527315603,0.030739705,2.133828328,1.03018822,0.460129552,0.788756383,0.404978778,-0.281004009,-1.920015473,-0.224700178,0.601266212,1
-0.012093909,-1.010383665,-0.883890787,-0.387623401,-2.593615345,-0.666210463,-1.379871874,-0.054829958,-0.001796876,-0.051723931,-0.001696101,-0.001538985,-0.00128707,0.515448937,0.565271101,0.527315603,0.030739705,3.9617806,1.03018822,0.460129552,0.788756383,0.404978778,-0.281004009,0.752351645,1.644263389,-2.114120836,1
-0.279584318,-0.979959251,-0.870681792,-0.644294749,0.175196381,-0.666210463,-0.986000394,-0.054829958,-0.001796876,-0.051723931,-0.001696101,-0.001538985,-0.00128707,0.515448937,0.565271101,0.527315603,2.729277588,-3.350028492,1.03018822,0.460129552,0.730937602,0.34047795,-0.211239037,-0.835576642,-1.199811604,-1.278617129,1
-0.46323445,-1.010383665,-0.877273415,-0.576494771,-0.130847686,-0.659810244,-0.001321687,-0.054829958,-0.001796876,-0.051723931,-0.001696101,-0.001538985,-0.00128707,0.515448937,0.565271101,0.527315603,4.078546529,-1.522076219,1.046423848,0.460129552,0.730937602,0.34047795,-0.141474069,1.372030977,1.278596604,-0.234237495,1
-0.287569106,-1.017144645,-0.881676414,-0.201980601,1.15320677,-0.659810244,0.19561405,-0.054829958,-0.001796876,-0.051723931,-0.001696101,-0.001538985,-0.00128707,0.515448937,0.565271101,0.527315603,1.380008646,0.305876054,1.03018822,0.460129552,0.730937602,0.34047795,-0.141474069,-0.719386768,0.140966607,0.009451086,1
-0.271599529,-1.017144645,-0.890482411,0.109576445,0.457954487,-0.666210463,-0.395193172,-0.054829958,-0.001796876,-0.051723931,-0.001696101,-0.001538985,-0.00128707,0.515448937,0.565271101,0.527315603,0.030739705,2.133828328,1.046423848,0.460129552,0.730937602,0.34047795,-0.078685596,-0.913036559,-0.346589106,1.227893992,1
-0.507150785,-1.017144645,-0.91028303,0.232262121,0.444648222,-0.666210463,-0.395193172,-0.054829958,-0.001796876,-0.051723931,-0.001696101,-0.001538985,-0.00128707,0.515448937,0.565271101,0.527315603,-1.318529236,3.9617806,1.03018822,0.460129552,0.730937602,0.275977118,-0.078685596,-0.641926851,1.116078033,-0.58236404,1
-0.555059515,-1.023905626,-0.888268037,0.237104976,-0.812793706,-0.666210463,-0.198257429,-0.054829958,-0.001796876,-0.051723931,-0.001696101,-0.001538985,-0.00128707,0.515448937,0.565271101,0.527315603,1.380008646,0.305876054,1.03018822,0.460129552,0.730937602,0.275977118,-0.008920629,-0.215897311,0.384744464,-1.278617129,1
-0.970268508,-0.973198271,-0.883890787,-0.100280633,-1.828505176,-0.666210463,-0.001321687,-0.054829958,-0.001796876,-0.051723931,-0.001696101,-0.001538985,-0.00128707,0.515448937,0.552443492,0.527315603,1.380008646,0.305876054,1.03018822,0.460129552,0.730937602,0.275977118,0.067820838,-0.719386768,-0.834144819,1.297519301,1
-0.46323445,-0.973198271,-0.861875795,-0.624923327,-1.919431312,-0.666210463,-0.001321687,-0.054829958,-0.001796876,-0.051723931,-0.001696101,-0.001538985,-0.00128707,0.515448937,0.565271101,0.527315603,2.729277588,0.305876054,1.002144862,0.460129552,0.666694514,0.275977118,0.067820838,-0.680656809,-0.265329821,-0.025361569,1
-0.363424595,-1.030666607,-0.912471655,-0.910651809,-0.251712916,-0.666210463,-0.001321687,-0.054829958,-0.001796876,-0.051723931,-0.001696101,-0.001538985,-0.00128707,0.515448937,0.565271101,0.527315603,1.380008646,-3.350028492,1.002144862,0.460129552,0.666694514,0.275977118,0.067820838,-0.758116726,-0.265329821,-0.617176695,1
-0.846504289,-1.017144645,-0.916874654,-1.018808919,-1.903907338,-0.666210463,-0.001321687,-0.054829958,-0.001796876,-0.051723931,-0.001696101,-0.001538985,-0.00128707,0.515448937,0.552443492,0.527315603,-1.318529236,-1.522076219,1.015428558,0.460129552,0.666694514,0.275977118,0.13758581,-0.719386768,1.522374461,0.67089152,1
-0.734717253,-1.023905626,-0.905880031,-0.925180376,0.790611081,-0.666210463,-0.001321687,-0.054829958,-0.001796876,-0.051723931,-0.001696101,-0.001538985,-0.00128707,0.515448937,0.565271101,0.527315603,0.030739705,-1.522076219,1.03018822,0.460129552,0.666694514,0.275977118,0.207350778,-2.036205347,1.481744818,0.287952321,1
-0.016086303,-0.996861703,-0.864090169,-0.53290907,-0.107561725,-0.666210463,-0.001321687,-0.054829958,-0.001796876,-0.051723931,-0.001696101,-0.001538985,-0.00128707,0.515448937,0.565271101,0.527315603,0.030739705,-1.522076219,1.015428558,0.479138185,0.602451422,0.205026205,0.207350778,-0.719386768,-1.159181961,1.506395228,1
0.027830033,-1.010383665,-0.846478174,-0.686266165,-1.694333683,-0.653410025,1.77109998,-0.054829958,-0.001796876,-0.051723931,-0.001696101,-0.001538985,-0.00128707,0.515448937,0.552443492,0.527315603,0.030739705,0.305876054,1.015428558,0.460129552,0.602451422,0.205026205,0.270139251,-0.215897311,-0.224700178,-0.234237495,1
0.079731157,-1.010383665,-0.837672177,-0.857380398,-0.522273613,-0.659810244,0.589485535,-0.054829958,-0.001796876,-0.051723931,-0.001696101,-0.001538985,-0.00128707,0.515448937,0.552443492,0.512981082,0.030739705,0.305876054,1.002144862,0.460129552,0.602451422,0.205026205,0.270139251,0.442511979,1.400485533,0.914580102,1
-0.040040668,-0.973198271,-0.846478174,-0.624923327,1.020144132,-0.666210463,-0.001321687,-0.054829958,-0.001796876,-0.051723931,-0.001696101,-0.001538985,-0.00128707,0.515448937,0.552443492,0.527315603,-1.318529236,0.305876054,1.015428558,0.460129552,0.602451422,0.205026205,0.339904218,1.100921269,-0.915404105,1.36714461,1
0.01585285,-1.023905626,-0.855284171,-0.119652055,0.171869815,-0.666210463,-0.001321687,-0.054829958,-0.001796876,-0.051723931,-0.001696101,-0.001538985,-0.00128707,0.515448937,0.552443492,0.512981082,-1.318529236,0.305876054,1.03018822,0.460129552,0.531784023,0.140525377,0.416645685,-0.177167352,1.156707676,-0.860865276,1
0.055776792,-1.017144645,-0.888268037,-0.231037735,-0.26723689,-0.659810244,0.786421272,-0.054829958,-0.001796876,-0.051723931,-0.001696101,-0.001538985,-0.00128707,0.515448937,0.552443492,0.512981082,-1.318529236,2.133828328,1.046423848,0.460129552,0.531784023,0.140525377,0.416645685,-0.215897311,-0.793515177,1.297519301,1
0.09170834,-1.010383665,-0.881676414,0.032090754,0.386987746,-0.666210463,-0.001321687,-0.054829958,-0.001796876,-0.051723931,-0.001696101,-0.001538985,-0.00128707,0.515448937,0.552443492,0.512981082,0.030739705,-3.350028492,1.015428558,0.460129552,0.531784023,0.140525377,0.556175624,-0.835576642,1.400485533,-0.826052621,1
-0.511143179,-1.010383665,-0.848666799,-0.213280598,-1.243029569,-0.666210463,-0.001321687,-0.054829958,-0.001796876,-0.051723931,-0.001696101,-0.001538985,-0.00128707,0.503263378,0.552443492,0.527315603,-1.318529236,-3.350028492,1.002144862,0.460129552,0.467540935,0.140525377,0.556175624,-0.215897311,-1.077922676,0.810142138,1
-0.363424595,-1.010383665,-0.826677555,0.227419265,2.690080238,-0.666210463,-0.001321687,-0.054829958,-0.001796876,-0.051723931,-0.001696101,-0.001538985,-0.00128707,0.503263378,0.552443492,0.512981082,-2.667798178,0.305876054,1.015428558,0.460129552,0.467540935,0.140525377,0.556175624,-0.215897311,-0.346589106,1.158268683,1
0.235434529,-1.010383665,-0.833269179,0.524447744,0.673072418,-0.666210463,-0.001321687,-0.054829958,-0.001796876,-0.051723931,-0.001696101,-0.001538985,-0.00128707,0.515448937,0.552443492,0.512981082,-1.318529236,0.305876054,1.015428558,0.460129552,0.467540935,0.140525377,0.618964097,-0.758116726,-0.184070535,-1.348242438,1
0.115662704,-1.010383665,-0.861875795,0.674576269,0.479022738,-0.67261068,-0.986000394,-0.054829958,-0.001796876,-0.051723931,-0.001696101,-0.001538985,-0.00128707,0.515448937,0.552443492,0.512981082,-1.318529236,0.305876054,1.03018822,0.460129552,0.467540935,0.140525377,0.618964097,0.326322105,1.278596604,0.322764976,1
0.071746368,-1.023905626,-0.894885409,0.571262016,0.17297867,-0.659810244,0.983357015,-0.054829958,-0.001796876,-0.051723931,-0.001696101,-0.001538985,-0.00128707,0.503263378,0.552443492,0.512981082,-1.318529236,2.133828328,1.015428558,0.460129552,0.467540935,0.08247463,0.688729065,-0.796846684,1.35985589,-0.477926077,1
-0.00410912,-0.996861703,-0.820060183,0.45180491,-0.007764746,-0.666210463,-0.001321687,-0.054829958,-0.001796876,-0.051723931,-0.001696101,-0.001538985,-0.00128707,0.515448937,0.552443492,0.512981082,1.380008646,0.305876054,1.002144862,0.460129552,0.409722153,0.08247463,0.765470531,-0.215897311,-1.077922676,0.427202939,1
0.163571434,-1.017144645,-0.800259565,0.516376318,1.061171779,-0.666210463,-0.001321687,-0.054829958,-0.001796876,-0.051723931,-0.001696101,-0.001538985,-0.00128707,0.503263378,0.552443492,0.512981082,2.729277588,0.305876054,1.002144862,0.460129552,0.409722153,0.08247463,0.765470531,1.333301019,-1.240441247,-0.791239967,1
0.68657507,-1.023905626,-0.795882314,0.52283346,-0.379231278,-0.666210463,-0.001321687,-0.054829958,-0.001796876,-0.051723931,-0.001696101,-0.001538985,-0.00128707,0.503263378,0.552443492,0.512981082,-1.318529236,-1.522076219,1.002144862,0.460129552,0.409722153,0.08247463,0.835235504,-0.332087185,-0.184070535,1.088643374,1
0.606727187,-1.023905626,-0.817871558,0.482476329,1.124376532,-0.666210463,-0.001321687,-0.054829958,-0.001796876,-0.051723931,-0.001696101,-0.001538985,-0.00128707,0.503263378,0.552443492,0.512981082,1.380008646,-1.522076219,1.002144862,0.460129552,0.409722153,0.08247463,0.835235504,-0.525736976,-0.184070535,1.123456028,1
0.09170834,-1.010383665,-0.822274556,0.440504913,0.269449082,-0.679010899,-1.773743353,-0.054829958,-0.001796876,-0.051723931,-0.001696101,-0.001538985,-0.00128707,0.503263378,0.552443492,0.512981082,1.380008646,-3.350028492,1.015428558,0.460129552,0.409722153,0.08247463,0.905000471,-0.680656809,-0.143440892,0.984205411,1
-0.535097544,-1.010383665,-0.833269179,0.551890593,-0.28165201,-0.666210463,-0.001321687,-0.054829958,-0.001796876,-0.051723931,-0.001696101,-0.001538985,-0.00128707,0.503263378,0.552443492,0.512981082,2.729277588,-3.350028492,1.03018822,0.460129552,0.409722153,0.08247463,0.905000471,-1.029226433,-0.590366963,-1.870432255,1
-0.255629953,-0.96643729,-0.82886618,0.450190625,0.776195962,-0.666210463,-0.001321687,-0.054829958,-0.001796876,-0.051723931,-0.001696101,-0.001538985,-0.00128707,0.503263378,0.552443492,0.512981082,1.380008646,-1.522076219,1.03018822,0.460129552,0.409722153,0.017973802,0.967788944,-1.997475389,-0.265329821,1.158268683,1
0.071746368,-0.993481213,-0.795882314,0.411447779,0.088705666,-0.659810244,0.983357015,-0.054829958,-0.001796876,-0.051723931,-0.001696101,-0.001538985,-0.00128707,0.503263378,0.538190593,0.512981082,-1.318529236,0.305876054,1.03018822,0.460129552,0.345479065,0.017973802,0.967788944,-0.44827706,1.35985589,-0.89567793,1
0.431061843,-1.010383665,-0.817871558,0.550276308,0.725188618,-0.666210463,-0.001321687,-0.054829958,-0.001796876,-0.051723931,-0.001696101,-0.001538985,-0.00128707,0.503263378,0.538190593,0.512981082,-1.318529236,0.305876054,1.015428558,0.460129552,0.281235973,0.017973802,0.967788944,-1.300336141,-0.265329821,-1.174179166,1
0.171556223,-1.017144645,-0.81346856,0.248404973,-1.607842968,-0.666210463,-0.001321687,-0.054829958,-0.001796876,-0.051723931,-0.001696101,-0.001538985,-0.00128707,0.503263378,0.538190593,0.512981082,0.030739705,0.305876054,1.002144862,0.460129552,0.281235973,0.017973802,1.037553912,-0.796846684,-0.834144819,-1.835619601,1
0.11167031,-1.017144645,-0.826677555,-0.037323509,-0.041030406,-0.666210463,-0.001321687,-0.054829958,-0.001796876,-0.051723931,-0.001696101,-0.001538985,-0.00128707,0.503263378,0.538190593,0.512981082,-1.318529236,0.305876054,1.015428558,0.479138185,0.281235973,-0.04652703,1.037553912,1.604410726,1.116078033,0.113889049,1
0.047792003,-1.023905626,-0.835483552,0.053076462,0.632044771,-0.67261068,-0.789064651,-0.054829958,-0.001796876,-0.051723931,-0.001696101,-0.001538985,-0.00128707,0.503263378,0.538190593,0.512981082,-1.318529236,0.305876054,1.015428558,0.460129552,0.281235973,-0.04652703,1.114295378,1.294571061,-0.54973732,-1.278617129,1
-0.231675587,-1.017144645,-0.809065562,0.37431922,1.712069849,-0.666210463,-0.001321687,-0.054829958,-0.001796876,-0.051723931,-0.001696101,-0.001538985,-0.00128707,0.503263378,0.538190593,0.512981082,-1.318529236,0.305876054,1.03018822,0.479138185,0.281235973,-0.04652703,1.114295378,-0.215897311,1.441115176,1.541207882,1
0.09170834,-0.96643729,-0.804662563,0.75529053,1.817411105,-0.666210463,-0.001321687,-0.054829958,-0.001796876,-0.051723931,-0.001696101,-0.001538985,-0.00128707,0.503263378,0.538190593,0.512981082,0.030739705,0.305876054,1.046423848,0.479138185,0.281235973,-0.04652703,1.114295378,1.52695081,-0.99666339,1.123456028,1
0.159579041,-1.010383665,-0.804662563,0.794033375,0.820550175,-0.666210463,-0.001321687,-0.054829958,-0.001796876,-0.051723931,-0.001696101,-0.001538985,-0.00128707,0.503263378,0.538190593,0.512981082,1.380008646,0.305876054,1.046423848,0.479138185,0.281235973,-0.04652703,1.114295378,0.829811562,-0.834144819,1.123456028,1
0.143609464,-1.010383665,-0.782673319,0.716547684,-0.063207512,-0.666210463,-0.001321687,-0.054829958,-0.001796876,-0.051723931,-0.001696101,-0.001538985,-0.00128707,0.503263378,0.538190593,0.512981082,-1.318529236,0.305876054,1.03018822,0.479138185,0.210568574,-0.04652703,1.184060346,-0.835576642,-0.305959463,-1.52230571,1
0.459008602,-1.003622684,-0.780458945,0.61000486,-0.182963887,-0.67261068,-0.789064651,-0.054829958,-0.001796876,-0.051723931,-0.001696101,-0.001538985,-0.00128707,0.503263378,0.538190593,0.512981082,-1.318529236,0.305876054,1.015428558,0.479138185,0.210568574,-0.04652703,1.184060346,-0.409547102,1.400485533,-0.826052621,1
0.61071958,-1.017144645,-0.760658327,0.291990674,-1.231941016,-0.666210463,-0.001321687,-0.054829958,-0.001796876,-0.051723931,-0.001696101,-0.001538985,-0.00128707,0.503263378,0.538190593,0.512981082,-1.318529236,0.305876054,1.015428558,0.460129552,0.210568574,-0.117477943,1.253825318,0.86854152,-1.28107089,1.297519301,1
0.574788034,-1.044188568,-0.765061324,0.120876441,0.083161389,-0.653410025,1.77109998,-0.054829958,-0.001796876,-0.051723931,-0.001696101,-0.001538985,-0.00128707,0.503263378,0.538190593,0.512981082,-1.318529236,0.305876054,1.03018822,0.479138185,0.146325486,-0.117477943,1.253825318,-1.145416308,-0.184070535,-0.547551386,1
1.061860121,-0.973198271,-0.760658327,0.096662163,-0.057663236,-0.666210463,-0.001321687,-0.054829958,-0.001796876,-0.051723931,-0.001696101,-0.001538985,-0.00128707,0.503263378,0.538190593,0.512981082,-1.318529236,-1.522076219,1.015428558,0.460129552,0.146325486,-0.117477943,1.253825318,-0.254627269,1.603633747,-0.199424841,1
0.94608069,-1.023905626,-0.798070939,0.009490761,0.011085794,-0.659810244,0.786421272,-0.054829958,-0.001796876,-0.051723931,-0.001696101,-0.001538985,-0.00128707,0.489723867,0.538190593,0.512981082,-1.318529236,-1.522076219,1.015428558,0.460129552,0.146325486,-0.181978771,1.253825318,-0.409547102,-1.240441247,1.541207882,1
0.279350866,-1.010383665,-0.804662563,0.046619321,0.337089257,-0.666210463,-0.001321687,-0.054829958,-0.001796876,-0.051723931,-0.001696101,-0.001538985,-0.00128707,0.503263378,0.538190593,0.512981082,0.030739705,-1.522076219,1.015428558,0.460129552,0.146325486,-0.181978771,1.253825318,1.643140685,-0.346589106,1.297519301,1
0.287335653,-0.996861703,-0.811279935,0.442119199,2.225469861,-0.659810244,0.786421272,-0.054829958,-0.001796876,-0.051723931,-0.001696101,-0.001538985,-0.00128707,0.503263378,0.538190593,0.512981082,1.380008646,0.305876054,1.03018822,0.460129552,0.146325486,-0.181978771,1.253825318,-0.990496475,-0.143440892,-0.791239967,1
0.271366077,-1.017144645,-0.800259565,0.622919142,0.591017125,-0.666210463,-0.001321687,-0.054829958,-0.001796876,-0.051723931,-0.001696101,-0.001538985,-0.00128707,0.489723867,0.538190593,0.512981082,-1.318529236,0.305876054,1.015428558,0.460129552,0.088506705,-0.181978771,1.253825318,-0.8743066,-0.387218749,-0.965303239,1
0.614711975,-0.996861703,-0.771678696,0.493776326,-0.170766478,-0.659810244,0.589485535,-0.054829958,-0.001796876,-0.051723931,-0.001696101,-0.001538985,-0.00128707,0.503263378,0.538190593,0.512981082,-1.318529236,0.305876054,1.002144862,0.460129552,0.088506705,-0.181978771,1.316613791,-0.215897311,-0.184070535,1.193081337,1
0.578780427,-1.044188568,-0.77827032,0.450190625,0.273884504,-0.666210463,-0.198257429,-0.054829958,-0.001796876,-0.051723931,-0.001696101,-0.001538985,-0.00128707,0.489723867,0.538190593,0.512981082,-1.318529236,0.305876054,1.03018822,0.460129552,0.088506705,-0.181978771,1.316613791,-0.370817143,1.156707676,-1.626743674,1
0.307297625,-0.996861703,-0.771678696,0.527676315,0.553316044,-0.666210463,-0.198257429,-0.054829958,-0.001796876,-0.051723931,-0.001696101,-0.001538985,-0.00128707,0.503263378,0.538190593,0.512981082,-1.318529236,-1.522076219,1.03018822,0.460129552,0.088506705,-0.240029518,1.316613791,1.836790476,1.400485533,0.218327012,1
0.798362106,-1.010383665,-0.7628727,0.450190625,-0.403626094,-0.666210463,-0.001321687,-0.054829958,-0.001796876,-0.051723931,-0.001696101,-0.001538985,-0.00128707,0.503263378,0.538190593,0.512981082,-1.318529236,0.305876054,1.03018822,0.460129552,0.088506705,-0.240029518,1.316613791,-0.641926851,0.62852232,1.227893992,1
0.738476194,-1.030666607,-0.771678696,0.354947797,-0.446871452,-0.666210463,-0.198257429,-0.054829958,-0.001796876,-0.051723931,-0.001696101,-0.001538985,-0.00128707,0.503263378,0.538190593,0.512981082,-1.318529236,-1.522076219,1.03018822,0.460129552,0.088506705,-0.240029518,1.316613791,-0.796846684,0.384744464,0.392390285,1
0.694559858,-1.003622684,-0.795882314,0.319433522,0.136386444,-0.666210463,-0.198257429,-0.054829958,-0.001796876,-0.051723931,-0.001696101,-0.001538985,-0.00128707,0.489723867,0.538190593,0.512981082,0.030739705,-1.522076219,1.03018822,0.460129552,0.024263617,-0.240029518,1.316613791,1.52695081,-1.118552319,-0.860865276,1
0.331251989,-1.017144645,-0.782673319,0.359790653,0.023283203,-0.666210463,-0.001321687,-0.054829958,-0.001796876,-0.051723931,-0.001696101,-0.001538985,-0.00128707,0.489723867,0.538190593,0.512981082,-1.318529236,0.305876054,1.03018822,0.460129552,0.024263617,-0.240029518,1.386378758,-0.796846684,0.953559462,-0.512738731,1
0.30330523,-1.017144645,-0.802473938,0.425976346,0.604323388,-0.659810244,0.786421272,-0.054829958,-0.001796876,-0.051723931,-0.001696101,-0.001538985,-0.00128707,0.489723867,0.538190593,0.512981082,0.030739705,0.305876054,1.03018822,0.460129552,0.024263617,-0.240029518,1.386378758,-0.370817143,-0.793515177,-1.661556328,1
0.586765215,-1.017144645,-0.784861944,0.450190625,0.01441236,-0.666210463,-0.001321687,-0.054829958,-0.001796876,-0.051723931,-0.001696101,-0.001538985,-0.00128707,0.489723867,0.538190593,0.512981082,0.030739705,0.305876054,1.03018822,0.460129552,0.024263617,-0.240029518,1.386378758,0.713621687,1.319226247,-0.129799532,1
0.451023814,-1.017144645,-0.765061324,0.401762068,-0.076513776,-0.666210463,-0.001321687,-0.054829958,-0.001796876,-0.051723931,-0.001696101,-0.001538985,-0.00128707,0.489723867,0.538190593,0.512981082,-1.318529236,0.305876054,1.03018822,0.460129552,0.024263617,-0.240029518,1.386378758,-0.835576642,-0.834144819,1.262706646,1
0.554826062,-0.973198271,-0.776055947,0.467947762,1.383848676,-0.67261068,-0.986000394,-0.054829958,-0.001796876,-0.051723931,-0.001696101,-0.001538985,-0.00128707,0.489723867,0.538190593,0.512981082,-1.318529236,0.305876054,1.015428558,0.460129552,-0.039979475,-0.240029518,1.386378758,1.488220852,1.441115176,1.297519301,1
0.758438164,-1.017144645,-0.769464323,0.424362061,-0.095364316,-0.666210463,-0.001321687,-0.054829958,-0.001796876,-0.051723931,-0.001696101,-0.001538985,-0.00128707,0.489723867,0.538190593,0.512981082,-1.318529236,0.305876054,1.03018822,0.460129552,-0.039979475,-0.304530346,1.463120225,1.643140685,-0.915404105,-1.974870218,1
0.455016209,-1.023905626,-0.776055947,0.490547755,1.103308281,-0.666210463,-0.001321687,-0.054829958,-0.001796876,-0.051723931,-0.001696101,-0.001538985,-0.00128707,0.489723867,0.538190593,0.512981082,0.030739705,0.305876054,1.03018822,0.460129552,-0.039979475,-0.304530346,1.463120225,-0.177167352,1.400485533,1.541207882,1
0.714521829,-0.993481213,-0.767275699,0.605162005,-0.00222047,-0.659810244,0.589485535,-0.054829958,-0.001796876,-0.051723931,-0.001696101,-0.001538985,-0.00128707,0.489723867,0.538190593,0.512981082,-1.318529236,0.305876054,1.03018822,0.460129552,-0.039979475,-0.304530346,1.463120225,1.449490893,-0.956033748,1.227893992,1
0.730491405,-1.017144645,-0.756255328,0.358176368,-1.358350522,-0.666210463,-0.198257429,-0.054829958,-0.001796876,-0.051723931,-0.001696101,-0.001538985,-0.00128707,0.489723867,0.538190593,0.512981082,-1.318529236,-3.350028492,1.015428558,0.460129552,-0.039979475,-0.369031178,1.463120225,-0.44827706,-0.590366963,-0.477926077,1
0.626689157,-0.996861703,-0.75185233,0.112805016,0.145257287,-0.666210463,-0.001321687,-0.054829958,-0.001796876,-0.051723931,-0.001696101,-0.001538985,-0.00128707,0.489723867,0.538190593,0.512981082,-1.318529236,0.305876054,1.015428558,0.479138185,-0.039979475,-0.369031178,1.463120225,-0.835576642,1.197337319,1.123456028,1
0.654635916,-0.973198271,-0.754066703,-0.071223499,-0.960271463,-0.666210463,-0.198257429,-0.054829958,-0.001796876,-0.051723931,-0.001696101,-0.001538985,-0.00128707,0.489723867,0.538190593,0.512981082,0.030739705,2.133828328,1.015428558,0.460129552,-0.110646874,-0.369031178,1.463120225,-0.603196893,-2.01240446,-0.617176695,1
1.08980688,-1.010383665,-0.749663704,-0.064766358,0.088705666,-0.653410025,1.574164237,-0.054829958,-0.001796876,-0.051723931,-0.001696101,-0.001538985,-0.00128707,0.489723867,0.538190593,0.512981082,-1.318529236,0.305876054,1.015428558,0.479138185,-0.110646874,-0.369031178,1.463120225,-0.8743066,-2.174923031,-0.512738731,1
0.642658734,-1.047569059,-0.7628727,0.175762139,0.900387757,-0.666210463,-0.198257429,-0.054829958,-0.001796876,-0.051723931,-0.001696101,-0.001538985,-0.00128707,0.489723867,0.538190593,0.512981082,-1.318529236,0.305876054,1.002144862,0.460129552,-0.110646874,-0.369031178,1.463120225,-0.758116726,-1.524848746,-0.826052621,1
0.199502982,-1.017144645,-0.793667941,0.345262086,0.697467235,-0.666210463,-0.198257429,-0.054829958,-0.001796876,-0.051723931,-0.001696101,-0.001538985,-0.00128707,0.489723867,0.538190593,0.497213109,-1.318529236,0.305876054,1.002144862,0.460129552,-0.174889962,-0.369031178,1.463120225,-0.487007018,-1.72799696,-1.104553857,1
0.043799609,-0.973198271,-0.780458945,0.309747811,0.358157508,-0.666210463,-0.001321687,-0.054829958,-0.001796876,-0.051723931,-0.001696101,-0.001538985,-0.00128707,0.489723867,0.538190593,0.497213109,-1.318529236,-1.522076219,1.002144862,0.460129552,-0.174889962,-0.369031178,1.463120225,-0.758116726,-3.150034457,-0.651989349,1
0.578780427,-0.973198271,-0.756255328,0.416290635,-0.038812695,-0.666210463,-0.001321687,-0.054829958,-0.001796876,-0.051723931,-0.001696101,-0.001538985,-0.00128707,0.489723867,0.538190593,0.497213109,-1.318529236,-1.522076219,1.015428558,0.460129552,-0.174889962,-0.369031178,1.463120225,-0.215897311,-0.752885534,1.471582573,1
0.750453377,-1.017144645,-0.749663704,0.60354772,1.167621889,-0.666210463,-0.001321687,-0.054829958,-0.001796876,-0.051723931,-0.001696101,-0.001538985,-0.00128707,0.489723867,0.538190593,0.497213109,-1.318529236,0.305876054,1.015428558,0.460129552,-0.174889962,-0.369031178,1.463120225,-0.215897311,-0.671626248,0.113889049,1
0.419084661,-1.017144645,-0.771678696,0.863447639,1.382739821,-0.666210463,-0.001321687,-0.054829958,-0.001796876,-0.051723931,-0.001696101,-0.001538985,-0.00128707,0.489723867,0.538190593,0.497213109,-1.318529236,-3.350028492,1.002144862,0.460129552,-0.174889962,-0.369031178,1.463120225,-0.487007018,-0.143440892,-0.060174223,1
0.367183537,-0.996861703,-0.765061324,0.840847645,-0.075404921,-0.666210463,-0.001321687,-0.054829958,-0.001796876,-0.051723931,-0.001696101,-0.001538985,-0.00128707,0.489723867,0.538190593,0.497213109,0.030739705,0.305876054,1.015428558,0.479138185,-0.232708744,-0.439982091,1.463120225,1.372030977,-0.10281125,-0.303862804,1
-0.215706011,-1.010383665,-0.780458945,0.713319115,0.583255137,-0.666210463,-0.001321687,-0.054829958,-0.001796876,-0.051723931,-0.001696101,-0.001538985,-0.00128707,0.489723867,0.538190593,0.497213109,1.380008646,0.305876054,1.002144862,0.460129552,-0.232708744,-0.439982091,1.463120225,-1.029226433,1.725522675,-0.756427312,1
0.135624675,-1.023905626,-0.77827032,0.752061959,0.968027932,-0.666210463,-0.001321687,-0.054829958,-0.001796876,-0.051723931,-0.001696101,-0.001538985,-0.00128707,0.489723867,0.538190593,0.497213109,-1.318529236,0.305876054,1.002144862,0.479138185,-0.232708744,-0.439982091,1.463120225,-0.8743066,1.847411603,-0.512738731,1
0.622696763,-0.96643729,-0.769464323,0.763361955,0.124189036,-0.666210463,-0.001321687,-0.054829958,-0.001796876,-0.051723931,-0.001696101,-0.001538985,-0.00128707,0.489723867,0.538190593,0.497213109,-1.318529236,0.305876054,1.002144862,0.460129552,-0.232708744,-0.439982091,1.463120225,-1.067956392,1.684893032,-0.826052621,1
0.914141537,-1.003622684,-0.765061324,0.566419159,-0.012200167,-0.666210463,-0.001321687,-0.054829958,-0.001796876,-0.051723931,-0.001696101,-0.001538985,-0.00128707,0.489723867,0.538190593,0.497213109,0.030739705,0.305876054,1.002144862,0.460129552,-0.232708744,-0.504482918,1.463120225,-0.990496475,1.725522675,-0.89567793,1